name,name_id,specs,time,to,symop,err,file,line,loc,top,signature,weight,proof_coverage,rank,in_calls,out_calls,proof_trace
"R$anim.<init>()","android.support.v7.appcompat.R$anim.<init>().f68e2a40968ed1ae2105235a559e53e3",1,0,NONE,18,0,app/build/generated/source/r/debug/android/support/v7/appcompat/R.java,10,1368,N,"void R$anim.<init>()(class android.support.v7.appcompat.R$anim *this)",0,0.00,0.00,0,0,10
"R$attr.<init>()","android.support.v7.appcompat.R$attr.<init>().4b16d7fc86ee53922e807a698bc8357d",1,0,NONE,18,0,app/build/generated/source/r/debug/android/support/v7/appcompat/R.java,22,1368,N,"void R$attr.<init>()(class android.support.v7.appcompat.R$attr *this)",0,0.00,0.00,0,0,22
"R$bool.<init>()","android.support.v7.appcompat.R$bool.<init>().513ca66bdb7dafd8acb4586d6a3df2bb",1,0,NONE,18,0,app/build/generated/source/r/debug/android/support/v7/appcompat/R.java,249,1368,N,"void R$bool.<init>()(class android.support.v7.appcompat.R$bool *this)",0,0.00,0.00,0,0,249
"R$color.<init>()","android.support.v7.appcompat.R$color.<init>().546aaf3a2fb56fdd919aef26f66f748b",1,0,NONE,18,0,app/build/generated/source/r/debug/android/support/v7/appcompat/R.java,256,1368,N,"void R$color.<init>()(class android.support.v7.appcompat.R$color *this)",0,0.00,0.00,0,0,256
"R$dimen.<init>()","android.support.v7.appcompat.R$dimen.<init>().fb798a637dc4343e2941e978b09f58c1",1,0,NONE,18,0,app/build/generated/source/r/debug/android/support/v7/appcompat/R.java,336,1368,N,"void R$dimen.<init>()(class android.support.v7.appcompat.R$dimen *this)",0,0.00,0.00,0,0,336
"R$drawable.<init>()","android.support.v7.appcompat.R$drawable.<init>().cf808912f82bfd1a8d5a10da59e92e52",1,0,NONE,18,0,app/build/generated/source/r/debug/android/support/v7/appcompat/R.java,417,1368,N,"void R$drawable.<init>()(class android.support.v7.appcompat.R$drawable *this)",0,0.00,0.00,0,0,417
"R$id.<init>()","android.support.v7.appcompat.R$id.<init>().1f75df18e6e355ba7ad762e5c8742eb3",1,0,NONE,18,0,app/build/generated/source/r/debug/android/support/v7/appcompat/R.java,496,1368,N,"void R$id.<init>()(class android.support.v7.appcompat.R$id *this)",0,0.00,0.00,0,0,496
"R$integer.<init>()","android.support.v7.appcompat.R$integer.<init>().12f2d1314790885f504ff6caa5d2f05e",1,0,NONE,18,0,app/build/generated/source/r/debug/android/support/v7/appcompat/R.java,595,1368,N,"void R$integer.<init>()(class android.support.v7.appcompat.R$integer *this)",0,0.00,0.00,0,0,595
"R$layout.<init>()","android.support.v7.appcompat.R$layout.<init>().04d947bc25187c80d4b4694ea86e6ae2",1,0,NONE,18,0,app/build/generated/source/r/debug/android/support/v7/appcompat/R.java,601,1368,N,"void R$layout.<init>()(class android.support.v7.appcompat.R$layout *this)",0,0.00,0.00,0,0,601
"R$string.<init>()","android.support.v7.appcompat.R$string.<init>().45e9ae6917abeeb3a98960022c989b21",1,0,NONE,18,0,app/build/generated/source/r/debug/android/support/v7/appcompat/R.java,641,1368,N,"void R$string.<init>()(class android.support.v7.appcompat.R$string *this)",0,0.00,0.00,0,0,641
"R$style.<init>()","android.support.v7.appcompat.R$style.<init>().d288fd1d72bd6fba82bbe3d24c20eea4",1,0,NONE,18,0,app/build/generated/source/r/debug/android/support/v7/appcompat/R.java,675,1368,N,"void R$style.<init>()(class android.support.v7.appcompat.R$style *this)",0,0.00,0.00,0,0,675
"void R$styleable.<clinit>()","android.support.v7.appcompat.R$styleable.<clinit>():void.41f8dbce7d1b812986c729ce500c3de9",0,0,SYMOPS TIMEOUT (334),334,0,app/build/generated/source/r/debug/android/support/v7/appcompat/R.java,1009,1368,N,"class java.lang.Object *void R$styleable.<clinit>()(class java.lang.String *field)",0,0.00,0.00,0,0,
"R$styleable.<init>()","android.support.v7.appcompat.R$styleable.<init>().1d4a74fbc35bb44b30f5b89dcd9a26bc",1,0,NONE,18,0,app/build/generated/source/r/debug/android/support/v7/appcompat/R.java,1008,1368,N,"void R$styleable.<init>()(class android.support.v7.appcompat.R$styleable *this)",0,0.00,0.00,0,0,1008
"R.<init>()","android.support.v7.appcompat.R.<init>().3e70e35af4aab60a2c33c54123f73eff",1,0,NONE,18,0,app/build/generated/source/r/debug/android/support/v7/appcompat/R.java,9,1368,N,"void R.<init>()(class android.support.v7.appcompat.R *this)",0,0.00,0.00,0,0,9
"JavaChineseStringDetector$1.<init>(JavaChineseStringDetector,JavaContext)","com.example.JavaChineseStringDetector$1.<init>(com.example.JavaChineseStringDetector,com.android.too.cf58580dfe6b72ed61037430781cf3bd",1,0,NONE,36,0,mylints/src/main/java/com/example/JavaChineseStringDetector.java,90,862,N,"void JavaChineseStringDetector$1.<init>(JavaChineseStringDetector,JavaContext)(class com.example.JavaChineseStringDetector$1 *this, class com.example.JavaChineseStringDetector *this$0, class com.android.tools.lint.detector.api.JavaContext *$bcvar2)",0,0.00,0.00,0,0,90 104
"void JavaChineseStringDetector$1.afterVisitAlternateConstructorInvocation(AlternateConstructorInvocation)","com.example.JavaChineseStringDetector$1.afterVisitAlternateConstructorInvocation(lombok.ast.Alternat.49e90ce79b1504fb2650138f4ddea513",1,0,NONE,12,0,mylints/src/main/java/com/example/JavaChineseStringDetector.java,790,862,N,"void void JavaChineseStringDetector$1.afterVisitAlternateConstructorInvocation(AlternateConstructorInvocation)(class com.example.JavaChineseStringDetector$1 *this, class lombok.ast.AlternateConstructorInvocation *alternateConstructorInvocation)",0,0.00,0.00,0,0,790 792
"void JavaChineseStringDetector$1.afterVisitAnnotation(Annotation)","com.example.JavaChineseStringDetector$1.afterVisitAnnotation(lombok.ast.Annotation):void.01d42e5caea5e2c0e67c4706f55656c7",1,0,NONE,12,0,mylints/src/main/java/com/example/JavaChineseStringDetector.java,750,862,N,"void void JavaChineseStringDetector$1.afterVisitAnnotation(Annotation)(class com.example.JavaChineseStringDetector$1 *this, class lombok.ast.Annotation *annotation)",0,0.00,0.00,0,0,750 752
"void JavaChineseStringDetector$1.afterVisitAnnotationDeclaration(AnnotationDeclaration)","com.example.JavaChineseStringDetector$1.afterVisitAnnotationDeclaration(lombok.ast.AnnotationDeclara.3d61ffd2ccb1d28cde967a56b93b77be",1,0,NONE,12,0,mylints/src/main/java/com/example/JavaChineseStringDetector.java,825,862,N,"void void JavaChineseStringDetector$1.afterVisitAnnotationDeclaration(AnnotationDeclaration)(class com.example.JavaChineseStringDetector$1 *this, class lombok.ast.AnnotationDeclaration *annotationDeclaration)",0,0.00,0.00,0,0,825 827
"void JavaChineseStringDetector$1.afterVisitAnnotationElement(AnnotationElement)","com.example.JavaChineseStringDetector$1.afterVisitAnnotationElement(lombok.ast.AnnotationElement):vo.322dc871f87f2002f0735c96943ae22b",1,0,NONE,12,0,mylints/src/main/java/com/example/JavaChineseStringDetector.java,755,862,N,"void void JavaChineseStringDetector$1.afterVisitAnnotationElement(AnnotationElement)(class com.example.JavaChineseStringDetector$1 *this, class lombok.ast.AnnotationElement *annotationElement)",0,0.00,0.00,0,0,755 757
"void JavaChineseStringDetector$1.afterVisitAnnotationMethodDeclaration(AnnotationMethodDeclaration)","com.example.JavaChineseStringDetector$1.afterVisitAnnotationMethodDeclaration(lombok.ast.AnnotationM.21b2ec18ed872d609292a957dcecdc95",1,0,NONE,12,0,mylints/src/main/java/com/example/JavaChineseStringDetector.java,830,862,N,"void void JavaChineseStringDetector$1.afterVisitAnnotationMethodDeclaration(AnnotationMethodDeclaration)(class com.example.JavaChineseStringDetector$1 *this, class lombok.ast.AnnotationMethodDeclaration *annotationMethodDeclaration)",0,0.00,0.00,0,0,830 832
"void JavaChineseStringDetector$1.afterVisitAnnotationValueArray(AnnotationValueArray)","com.example.JavaChineseStringDetector$1.afterVisitAnnotationValueArray(lombok.ast.AnnotationValueArr.fa0c628d1682b12eb90dc6815e649151",1,0,NONE,12,0,mylints/src/main/java/com/example/JavaChineseStringDetector.java,595,862,N,"void void JavaChineseStringDetector$1.afterVisitAnnotationValueArray(AnnotationValueArray)(class com.example.JavaChineseStringDetector$1 *this, class lombok.ast.AnnotationValueArray *annotationValueArray)",0,0.00,0.00,0,0,595 597
"void JavaChineseStringDetector$1.afterVisitArrayAccess(ArrayAccess)","com.example.JavaChineseStringDetector$1.afterVisitArrayAccess(lombok.ast.ArrayAccess):void.54c0ad5b121006eae3cafba5aa6577dc",1,0,NONE,12,0,mylints/src/main/java/com/example/JavaChineseStringDetector.java,580,862,N,"void void JavaChineseStringDetector$1.afterVisitArrayAccess(ArrayAccess)(class com.example.JavaChineseStringDetector$1 *this, class lombok.ast.ArrayAccess *arrayAccess)",0,0.00,0.00,0,0,580 582
"void JavaChineseStringDetector$1.afterVisitArrayCreation(ArrayCreation)","com.example.JavaChineseStringDetector$1.afterVisitArrayCreation(lombok.ast.ArrayCreation):void.003777db037c021d506bdb883d6a7a26",1,0,NONE,12,0,mylints/src/main/java/com/example/JavaChineseStringDetector.java,585,862,N,"void void JavaChineseStringDetector$1.afterVisitArrayCreation(ArrayCreation)(class com.example.JavaChineseStringDetector$1 *this, class lombok.ast.ArrayCreation *arrayCreation)",0,0.00,0.00,0,0,585 587
"void JavaChineseStringDetector$1.afterVisitArrayDimension(ArrayDimension)","com.example.JavaChineseStringDetector$1.afterVisitArrayDimension(lombok.ast.ArrayDimension):void.279e7a38eda870c0ede7a5fd14a58709",1,0,NONE,12,0,mylints/src/main/java/com/example/JavaChineseStringDetector.java,600,862,N,"void void JavaChineseStringDetector$1.afterVisitArrayDimension(ArrayDimension)(class com.example.JavaChineseStringDetector$1 *this, class lombok.ast.ArrayDimension *arrayDimension)",0,0.00,0.00,0,0,600 602
"void JavaChineseStringDetector$1.afterVisitArrayInitializer(ArrayInitializer)","com.example.JavaChineseStringDetector$1.afterVisitArrayInitializer(lombok.ast.ArrayInitializer):void.3cd95d9062d4392cf9a89ba02c181e98",1,0,NONE,12,0,mylints/src/main/java/com/example/JavaChineseStringDetector.java,590,862,N,"void void JavaChineseStringDetector$1.afterVisitArrayInitializer(ArrayInitializer)(class com.example.JavaChineseStringDetector$1 *this, class lombok.ast.ArrayInitializer *arrayInitializer)",0,0.00,0.00,0,0,590 592
"void JavaChineseStringDetector$1.afterVisitAssert(Assert)","com.example.JavaChineseStringDetector$1.afterVisitAssert(lombok.ast.Assert):void.b7f2d040a67c5ec1e98fd897fd4869f2",1,0,NONE,12,0,mylints/src/main/java/com/example/JavaChineseStringDetector.java,675,862,N,"void void JavaChineseStringDetector$1.afterVisitAssert(Assert)(class com.example.JavaChineseStringDetector$1 *this, class lombok.ast.Assert *anAssert)",0,0.00,0.00,0,0,675 677
"void JavaChineseStringDetector$1.afterVisitBinaryExpression(BinaryExpression)","com.example.JavaChineseStringDetector$1.afterVisitBinaryExpression(lombok.ast.BinaryExpression):void.223f850bf15a495cecbb95e130d1aae6",1,0,NONE,12,0,mylints/src/main/java/com/example/JavaChineseStringDetector.java,540,862,N,"void void JavaChineseStringDetector$1.afterVisitBinaryExpression(BinaryExpression)(class com.example.JavaChineseStringDetector$1 *this, class lombok.ast.BinaryExpression *binaryExpression)",0,0.00,0.00,0,0,540 542
"void JavaChineseStringDetector$1.afterVisitBlock(Block)","com.example.JavaChineseStringDetector$1.afterVisitBlock(lombok.ast.Block):void.aa12fc110b4a7eee7f4ae9d68eae0969",1,0,NONE,12,0,mylints/src/main/java/com/example/JavaChineseStringDetector.java,670,862,N,"void void JavaChineseStringDetector$1.afterVisitBlock(Block)(class com.example.JavaChineseStringDetector$1 *this, class lombok.ast.Block *block)",0,0.00,0.00,0,0,670 672
"void JavaChineseStringDetector$1.afterVisitBooleanLiteral(BooleanLiteral)","com.example.JavaChineseStringDetector$1.afterVisitBooleanLiteral(lombok.ast.BooleanLiteral):void.42251d1737b9c5a6fdd749515594f53e",1,0,NONE,12,0,mylints/src/main/java/com/example/JavaChineseStringDetector.java,521,862,N,"void void JavaChineseStringDetector$1.afterVisitBooleanLiteral(BooleanLiteral)(class com.example.JavaChineseStringDetector$1 *this, class lombok.ast.BooleanLiteral *booleanLiteral)",0,0.00,0.00,0,0,521 523
"void JavaChineseStringDetector$1.afterVisitBreak(Break)","com.example.JavaChineseStringDetector$1.afterVisitBreak(lombok.ast.Break):void.860159d63fac0ca1af8dffaf3702048e",1,0,NONE,12,0,mylints/src/main/java/com/example/JavaChineseStringDetector.java,700,862,N,"void void JavaChineseStringDetector$1.afterVisitBreak(Break)(class com.example.JavaChineseStringDetector$1 *this, class lombok.ast.Break *aBreak)",0,0.00,0.00,0,0,700 702
"void JavaChineseStringDetector$1.afterVisitCase(Case)","com.example.JavaChineseStringDetector$1.afterVisitCase(lombok.ast.Case):void.5012c4bb069b9fd1b2d282adb3ac8910",1,0,NONE,12,0,mylints/src/main/java/com/example/JavaChineseStringDetector.java,690,862,N,"void void JavaChineseStringDetector$1.afterVisitCase(Case)(class com.example.JavaChineseStringDetector$1 *this, class lombok.ast.Case *aCase)",0,0.00,0.00,0,0,690 692
"void JavaChineseStringDetector$1.afterVisitCast(Cast)","com.example.JavaChineseStringDetector$1.afterVisitCast(lombok.ast.Cast):void.1f40245ccd830f43833b220122f1bd0d",1,0,NONE,12,0,mylints/src/main/java/com/example/JavaChineseStringDetector.java,555,862,N,"void void JavaChineseStringDetector$1.afterVisitCast(Cast)(class com.example.JavaChineseStringDetector$1 *this, class lombok.ast.Cast *cast)",0,0.00,0.00,0,0,555 557
"void JavaChineseStringDetector$1.afterVisitCatch(Catch)","com.example.JavaChineseStringDetector$1.afterVisitCatch(lombok.ast.Catch):void.79d562606fed72cd89b2d4f62554bc18",1,0,NONE,12,0,mylints/src/main/java/com/example/JavaChineseStringDetector.java,650,862,N,"void void JavaChineseStringDetector$1.afterVisitCatch(Catch)(class com.example.JavaChineseStringDetector$1 *this, class lombok.ast.Catch *aCatch)",0,0.00,0.00,0,0,650 652
"void JavaChineseStringDetector$1.afterVisitCharLiteral(CharLiteral)","com.example.JavaChineseStringDetector$1.afterVisitCharLiteral(lombok.ast.CharLiteral):void.2108b82870263adcbf73c04d3f90991a",1,0,NONE,12,0,mylints/src/main/java/com/example/JavaChineseStringDetector.java,526,862,N,"void void JavaChineseStringDetector$1.afterVisitCharLiteral(CharLiteral)(class com.example.JavaChineseStringDetector$1 *this, class lombok.ast.CharLiteral *charLiteral)",0,0.00,0.00,0,0,526 528
"void JavaChineseStringDetector$1.afterVisitClassDeclaration(ClassDeclaration)","com.example.JavaChineseStringDetector$1.afterVisitClassDeclaration(lombok.ast.ClassDeclaration):void.2db54fed2698bd33a0fa341bb60df84a",1,0,NONE,12,0,mylints/src/main/java/com/example/JavaChineseStringDetector.java,805,862,N,"void void JavaChineseStringDetector$1.afterVisitClassDeclaration(ClassDeclaration)(class com.example.JavaChineseStringDetector$1 *this, class lombok.ast.ClassDeclaration *classDeclaration)",0,0.00,0.00,0,0,805 807
"void JavaChineseStringDetector$1.afterVisitClassLiteral(ClassLiteral)","com.example.JavaChineseStringDetector$1.afterVisitClassLiteral(lombok.ast.ClassLiteral):void.25fbd3ca409886c91602d13bbb8c9c68",1,0,NONE,12,0,mylints/src/main/java/com/example/JavaChineseStringDetector.java,605,862,N,"void void JavaChineseStringDetector$1.afterVisitClassLiteral(ClassLiteral)(class com.example.JavaChineseStringDetector$1 *this, class lombok.ast.ClassLiteral *classLiteral)",0,0.00,0.00,0,0,605 607
"void JavaChineseStringDetector$1.afterVisitComment(Comment)","com.example.JavaChineseStringDetector$1.afterVisitComment(lombok.ast.Comment):void.2c865b86f3c074327d7c71dcfa8128ce",1,0,NONE,12,0,mylints/src/main/java/com/example/JavaChineseStringDetector.java,855,862,N,"void void JavaChineseStringDetector$1.afterVisitComment(Comment)(class com.example.JavaChineseStringDetector$1 *this, class lombok.ast.Comment *comment)",0,0.00,0.00,0,0,855 857
"void JavaChineseStringDetector$1.afterVisitCompilationUnit(CompilationUnit)","com.example.JavaChineseStringDetector$1.afterVisitCompilationUnit(lombok.ast.CompilationUnit):void.35ecfc8ba0c4c045ee6472202c995aa6",1,0,NONE,12,0,mylints/src/main/java/com/example/JavaChineseStringDetector.java,835,862,N,"void void JavaChineseStringDetector$1.afterVisitCompilationUnit(CompilationUnit)(class com.example.JavaChineseStringDetector$1 *this, class lombok.ast.CompilationUnit *compilationUnit)",0,0.00,0.00,0,0,835 837
"void JavaChineseStringDetector$1.afterVisitConstructorDeclaration(ConstructorDeclaration)","com.example.JavaChineseStringDetector$1.afterVisitConstructorDeclaration(lombok.ast.ConstructorDecla.8d698cbec13928b39b875f949a782fa7",1,0,NONE,12,0,mylints/src/main/java/com/example/JavaChineseStringDetector.java,780,862,N,"void void JavaChineseStringDetector$1.afterVisitConstructorDeclaration(ConstructorDeclaration)(class com.example.JavaChineseStringDetector$1 *this, class lombok.ast.ConstructorDeclaration *constructorDeclaration)",0,0.00,0.00,0,0,780 782
"void JavaChineseStringDetector$1.afterVisitConstructorInvocation(ConstructorInvocation)","com.example.JavaChineseStringDetector$1.afterVisitConstructorInvocation(lombok.ast.ConstructorInvoca.9dc00bfb90eb53c9a30ff5b7bf67574a",1,0,NONE,12,0,mylints/src/main/java/com/example/JavaChineseStringDetector.java,565,862,N,"void void JavaChineseStringDetector$1.afterVisitConstructorInvocation(ConstructorInvocation)(class com.example.JavaChineseStringDetector$1 *this, class lombok.ast.ConstructorInvocation *constructorInvocation)",0,0.00,0.00,0,0,565 567
"void JavaChineseStringDetector$1.afterVisitContinue(Continue)","com.example.JavaChineseStringDetector$1.afterVisitContinue(lombok.ast.Continue):void.6eae13f0f484c6caac964e31062277e8",1,0,NONE,12,0,mylints/src/main/java/com/example/JavaChineseStringDetector.java,705,862,N,"void void JavaChineseStringDetector$1.afterVisitContinue(Continue)(class com.example.JavaChineseStringDetector$1 *this, class lombok.ast.Continue *aContinue)",0,0.00,0.00,0,0,705 707
"void JavaChineseStringDetector$1.afterVisitDefault(Default)","com.example.JavaChineseStringDetector$1.afterVisitDefault(lombok.ast.Default):void.791c9503d7bda5d0580d737d7610fbde",1,0,NONE,12,0,mylints/src/main/java/com/example/JavaChineseStringDetector.java,695,862,N,"void void JavaChineseStringDetector$1.afterVisitDefault(Default)(class com.example.JavaChineseStringDetector$1 *this, class lombok.ast.Default *aDefault)",0,0.00,0.00,0,0,695 697
"void JavaChineseStringDetector$1.afterVisitDoWhile(DoWhile)","com.example.JavaChineseStringDetector$1.afterVisitDoWhile(lombok.ast.DoWhile):void.ba1b46e3049660738a3f88daa7456238",1,0,NONE,12,0,mylints/src/main/java/com/example/JavaChineseStringDetector.java,660,862,N,"void void JavaChineseStringDetector$1.afterVisitDoWhile(DoWhile)(class com.example.JavaChineseStringDetector$1 *this, class lombok.ast.DoWhile *doWhile)",0,0.00,0.00,0,0,660 662
"void JavaChineseStringDetector$1.afterVisitEmptyDeclaration(EmptyDeclaration)","com.example.JavaChineseStringDetector$1.afterVisitEmptyDeclaration(lombok.ast.EmptyDeclaration):void.5638ffa42165175f5beaa90fd9eafe72",1,0,NONE,12,0,mylints/src/main/java/com/example/JavaChineseStringDetector.java,770,862,N,"void void JavaChineseStringDetector$1.afterVisitEmptyDeclaration(EmptyDeclaration)(class com.example.JavaChineseStringDetector$1 *this, class lombok.ast.EmptyDeclaration *emptyDeclaration)",0,0.00,0.00,0,0,770 772
"void JavaChineseStringDetector$1.afterVisitEmptyStatement(EmptyStatement)","com.example.JavaChineseStringDetector$1.afterVisitEmptyStatement(lombok.ast.EmptyStatement):void.60922dfcdc7cb1af25a571aaf2da5788",1,0,NONE,12,0,mylints/src/main/java/com/example/JavaChineseStringDetector.java,680,862,N,"void void JavaChineseStringDetector$1.afterVisitEmptyStatement(EmptyStatement)(class com.example.JavaChineseStringDetector$1 *this, class lombok.ast.EmptyStatement *emptyStatement)",0,0.00,0.00,0,0,680 682
"void JavaChineseStringDetector$1.afterVisitEnumConstant(EnumConstant)","com.example.JavaChineseStringDetector$1.afterVisitEnumConstant(lombok.ast.EnumConstant):void.d224f633a40c98809dbd48efaa322121",1,0,NONE,12,0,mylints/src/main/java/com/example/JavaChineseStringDetector.java,820,862,N,"void void JavaChineseStringDetector$1.afterVisitEnumConstant(EnumConstant)(class com.example.JavaChineseStringDetector$1 *this, class lombok.ast.EnumConstant *enumConstant)",0,0.00,0.00,0,0,820 822
"void JavaChineseStringDetector$1.afterVisitEnumDeclaration(EnumDeclaration)","com.example.JavaChineseStringDetector$1.afterVisitEnumDeclaration(lombok.ast.EnumDeclaration):void.b3cde9272370f2810c6b68b50b08e857",1,0,NONE,12,0,mylints/src/main/java/com/example/JavaChineseStringDetector.java,815,862,N,"void void JavaChineseStringDetector$1.afterVisitEnumDeclaration(EnumDeclaration)(class com.example.JavaChineseStringDetector$1 *this, class lombok.ast.EnumDeclaration *enumDeclaration)",0,0.00,0.00,0,0,815 817
"void JavaChineseStringDetector$1.afterVisitEnumTypeBody(EnumTypeBody)","com.example.JavaChineseStringDetector$1.afterVisitEnumTypeBody(lombok.ast.EnumTypeBody):void.701d33946436f276176a8c1a85433f10",1,0,NONE,12,0,mylints/src/main/java/com/example/JavaChineseStringDetector.java,765,862,N,"void void JavaChineseStringDetector$1.afterVisitEnumTypeBody(EnumTypeBody)(class com.example.JavaChineseStringDetector$1 *this, class lombok.ast.EnumTypeBody *enumTypeBody)",0,0.00,0.00,0,0,765 767
"void JavaChineseStringDetector$1.afterVisitExpressionStatement(ExpressionStatement)","com.example.JavaChineseStringDetector$1.afterVisitExpressionStatement(lombok.ast.ExpressionStatement.96c646496b2ef98e534aeabf059c04e9",1,0,NONE,12,0,mylints/src/main/java/com/example/JavaChineseStringDetector.java,625,862,N,"void void JavaChineseStringDetector$1.afterVisitExpressionStatement(ExpressionStatement)(class com.example.JavaChineseStringDetector$1 *this, class lombok.ast.ExpressionStatement *expressionStatement)",0,0.00,0.00,0,0,625 627
"void JavaChineseStringDetector$1.afterVisitFloatingPointLiteral(FloatingPointLiteral)","com.example.JavaChineseStringDetector$1.afterVisitFloatingPointLiteral(lombok.ast.FloatingPointLiter.b79658ba148fb52c850f526d8a16daac",1,0,NONE,12,0,mylints/src/main/java/com/example/JavaChineseStringDetector.java,516,862,N,"void void JavaChineseStringDetector$1.afterVisitFloatingPointLiteral(FloatingPointLiteral)(class com.example.JavaChineseStringDetector$1 *this, class lombok.ast.FloatingPointLiteral *floatingPointLiteral)",0,0.00,0.00,0,0,516 518
"void JavaChineseStringDetector$1.afterVisitFor(For)","com.example.JavaChineseStringDetector$1.afterVisitFor(lombok.ast.For):void.aca5ea05a5ae746da225e87387e834eb",1,0,NONE,12,0,mylints/src/main/java/com/example/JavaChineseStringDetector.java,635,862,N,"void void JavaChineseStringDetector$1.afterVisitFor(For)(class com.example.JavaChineseStringDetector$1 *this, class lombok.ast.For *aFor)",0,0.00,0.00,0,0,635 637
"void JavaChineseStringDetector$1.afterVisitForEach(ForEach)","com.example.JavaChineseStringDetector$1.afterVisitForEach(lombok.ast.ForEach):void.4c50d87ff1622fe99d1f1b7c391668c8",1,0,NONE,12,0,mylints/src/main/java/com/example/JavaChineseStringDetector.java,640,862,N,"void void JavaChineseStringDetector$1.afterVisitForEach(ForEach)(class com.example.JavaChineseStringDetector$1 *this, class lombok.ast.ForEach *forEach)",0,0.00,0.00,0,0,640 642
"void JavaChineseStringDetector$1.afterVisitIdentifier(Identifier)","com.example.JavaChineseStringDetector$1.afterVisitIdentifier(lombok.ast.Identifier):void.a442dd92750b5d495f0d7b2a68fda709",1,0,NONE,12,0,mylints/src/main/java/com/example/JavaChineseStringDetector.java,506,862,N,"void void JavaChineseStringDetector$1.afterVisitIdentifier(Identifier)(class com.example.JavaChineseStringDetector$1 *this, class lombok.ast.Identifier *identifier)",0,0.00,0.00,0,0,506 508
"void JavaChineseStringDetector$1.afterVisitIf(If)","com.example.JavaChineseStringDetector$1.afterVisitIf(lombok.ast.If):void.2aec8ae930cd9a3cfa9e8e98eb75dfe0",1,0,NONE,12,0,mylints/src/main/java/com/example/JavaChineseStringDetector.java,630,862,N,"void void JavaChineseStringDetector$1.afterVisitIf(If)(class com.example.JavaChineseStringDetector$1 *this, class lombok.ast.If *anIf)",0,0.00,0.00,0,0,630 632
"void JavaChineseStringDetector$1.afterVisitImportDeclaration(ImportDeclaration)","com.example.JavaChineseStringDetector$1.afterVisitImportDeclaration(lombok.ast.ImportDeclaration):vo.9ede9dbc12167abf1ae53302cd543885",1,0,NONE,12,0,mylints/src/main/java/com/example/JavaChineseStringDetector.java,845,862,N,"void void JavaChineseStringDetector$1.afterVisitImportDeclaration(ImportDeclaration)(class com.example.JavaChineseStringDetector$1 *this, class lombok.ast.ImportDeclaration *importDeclaration)",0,0.00,0.00,0,0,845 847
"void JavaChineseStringDetector$1.afterVisitInlineIfExpression(InlineIfExpression)","com.example.JavaChineseStringDetector$1.afterVisitInlineIfExpression(lombok.ast.InlineIfExpression):.7a186dba26b38fb110ec90c3d0b59851",1,0,NONE,12,0,mylints/src/main/java/com/example/JavaChineseStringDetector.java,550,862,N,"void void JavaChineseStringDetector$1.afterVisitInlineIfExpression(InlineIfExpression)(class com.example.JavaChineseStringDetector$1 *this, class lombok.ast.InlineIfExpression *inlineIfExpression)",0,0.00,0.00,0,0,550 552
"void JavaChineseStringDetector$1.afterVisitInstanceInitializer(InstanceInitializer)","com.example.JavaChineseStringDetector$1.afterVisitInstanceInitializer(lombok.ast.InstanceInitializer.0a7b06a5d8637f770fc3e92436001404",1,0,NONE,12,0,mylints/src/main/java/com/example/JavaChineseStringDetector.java,795,862,N,"void void JavaChineseStringDetector$1.afterVisitInstanceInitializer(InstanceInitializer)(class com.example.JavaChineseStringDetector$1 *this, class lombok.ast.InstanceInitializer *instanceInitializer)",0,0.00,0.00,0,0,795 797
"void JavaChineseStringDetector$1.afterVisitInstanceOf(InstanceOf)","com.example.JavaChineseStringDetector$1.afterVisitInstanceOf(lombok.ast.InstanceOf):void.a029deb3cdabe970a0821904a63908b0",1,0,NONE,12,0,mylints/src/main/java/com/example/JavaChineseStringDetector.java,560,862,N,"void void JavaChineseStringDetector$1.afterVisitInstanceOf(InstanceOf)(class com.example.JavaChineseStringDetector$1 *this, class lombok.ast.InstanceOf *instanceOf)",0,0.00,0.00,0,0,560 562
"void JavaChineseStringDetector$1.afterVisitIntegralLiteral(IntegralLiteral)","com.example.JavaChineseStringDetector$1.afterVisitIntegralLiteral(lombok.ast.IntegralLiteral):void.b73b42b03cbbaadf95144d74d07ab620",1,0,NONE,12,0,mylints/src/main/java/com/example/JavaChineseStringDetector.java,511,862,N,"void void JavaChineseStringDetector$1.afterVisitIntegralLiteral(IntegralLiteral)(class com.example.JavaChineseStringDetector$1 *this, class lombok.ast.IntegralLiteral *integralLiteral)",0,0.00,0.00,0,0,511 513
"void JavaChineseStringDetector$1.afterVisitInterfaceDeclaration(InterfaceDeclaration)","com.example.JavaChineseStringDetector$1.afterVisitInterfaceDeclaration(lombok.ast.InterfaceDeclarati.03241b4b4f5401b73b88437fed4192db",1,0,NONE,12,0,mylints/src/main/java/com/example/JavaChineseStringDetector.java,810,862,N,"void void JavaChineseStringDetector$1.afterVisitInterfaceDeclaration(InterfaceDeclaration)(class com.example.JavaChineseStringDetector$1 *this, class lombok.ast.InterfaceDeclaration *interfaceDeclaration)",0,0.00,0.00,0,0,810 812
"void JavaChineseStringDetector$1.afterVisitKeywordModifier(KeywordModifier)","com.example.JavaChineseStringDetector$1.afterVisitKeywordModifier(lombok.ast.KeywordModifier):void.e18ef53899be8aa79688b16cbc974f08",1,0,NONE,12,0,mylints/src/main/java/com/example/JavaChineseStringDetector.java,740,862,N,"void void JavaChineseStringDetector$1.afterVisitKeywordModifier(KeywordModifier)(class com.example.JavaChineseStringDetector$1 *this, class lombok.ast.KeywordModifier *keywordModifier)",0,0.00,0.00,0,0,740 742
"void JavaChineseStringDetector$1.afterVisitLabelledStatement(LabelledStatement)","com.example.JavaChineseStringDetector$1.afterVisitLabelledStatement(lombok.ast.LabelledStatement):vo.beed6689cea45419eaa763b63615ca98",1,0,NONE,12,0,mylints/src/main/java/com/example/JavaChineseStringDetector.java,620,862,N,"void void JavaChineseStringDetector$1.afterVisitLabelledStatement(LabelledStatement)(class com.example.JavaChineseStringDetector$1 *this, class lombok.ast.LabelledStatement *labelledStatement)",0,0.00,0.00,0,0,620 622
"void JavaChineseStringDetector$1.afterVisitMethodDeclaration(MethodDeclaration)","com.example.JavaChineseStringDetector$1.afterVisitMethodDeclaration(lombok.ast.MethodDeclaration):vo.91fcaf24b6d1aab88c0b016b93772a34",1,0,NONE,12,0,mylints/src/main/java/com/example/JavaChineseStringDetector.java,775,862,N,"void void JavaChineseStringDetector$1.afterVisitMethodDeclaration(MethodDeclaration)(class com.example.JavaChineseStringDetector$1 *this, class lombok.ast.MethodDeclaration *methodDeclaration)",0,0.00,0.00,0,0,775 777
"void JavaChineseStringDetector$1.afterVisitMethodInvocation(MethodInvocation)","com.example.JavaChineseStringDetector$1.afterVisitMethodInvocation(lombok.ast.MethodInvocation):void.602b86a42d57cbf334e2bbd4450e229a",1,0,NONE,12,0,mylints/src/main/java/com/example/JavaChineseStringDetector.java,570,862,N,"void void JavaChineseStringDetector$1.afterVisitMethodInvocation(MethodInvocation)(class com.example.JavaChineseStringDetector$1 *this, class lombok.ast.MethodInvocation *methodInvocation)",0,0.00,0.00,0,0,570 572
"void JavaChineseStringDetector$1.afterVisitModifiers(Modifiers)","com.example.JavaChineseStringDetector$1.afterVisitModifiers(lombok.ast.Modifiers):void.38ede797e77bfbcc8788093d63972513",1,0,NONE,12,0,mylints/src/main/java/com/example/JavaChineseStringDetector.java,745,862,N,"void void JavaChineseStringDetector$1.afterVisitModifiers(Modifiers)(class com.example.JavaChineseStringDetector$1 *this, class lombok.ast.Modifiers *modifiers)",0,0.00,0.00,0,0,745 747
"void JavaChineseStringDetector$1.afterVisitNormalTypeBody(NormalTypeBody)","com.example.JavaChineseStringDetector$1.afterVisitNormalTypeBody(lombok.ast.NormalTypeBody):void.9efad3c8f87c72ad1a55b3987794e753",1,0,NONE,12,0,mylints/src/main/java/com/example/JavaChineseStringDetector.java,760,862,N,"void void JavaChineseStringDetector$1.afterVisitNormalTypeBody(NormalTypeBody)(class com.example.JavaChineseStringDetector$1 *this, class lombok.ast.NormalTypeBody *normalTypeBody)",0,0.00,0.00,0,0,760 762
"void JavaChineseStringDetector$1.afterVisitNullLiteral(NullLiteral)","com.example.JavaChineseStringDetector$1.afterVisitNullLiteral(lombok.ast.NullLiteral):void.04abb1ae8be273f268f84516f7125520",1,0,NONE,12,0,mylints/src/main/java/com/example/JavaChineseStringDetector.java,535,862,N,"void void JavaChineseStringDetector$1.afterVisitNullLiteral(NullLiteral)(class com.example.JavaChineseStringDetector$1 *this, class lombok.ast.NullLiteral *nullLiteral)",0,0.00,0.00,0,0,535 537
"void JavaChineseStringDetector$1.afterVisitPackageDeclaration(PackageDeclaration)","com.example.JavaChineseStringDetector$1.afterVisitPackageDeclaration(lombok.ast.PackageDeclaration):.021cbf3c171fe1c2b0985175e31b02b0",1,0,NONE,12,0,mylints/src/main/java/com/example/JavaChineseStringDetector.java,840,862,N,"void void JavaChineseStringDetector$1.afterVisitPackageDeclaration(PackageDeclaration)(class com.example.JavaChineseStringDetector$1 *this, class lombok.ast.PackageDeclaration *packageDeclaration)",0,0.00,0.00,0,0,840 842
"void JavaChineseStringDetector$1.afterVisitParseArtefact(Node)","com.example.JavaChineseStringDetector$1.afterVisitParseArtefact(lombok.ast.Node):void.ad4b2070918e0b7a73c68ee0b17d83e2",1,0,NONE,12,0,mylints/src/main/java/com/example/JavaChineseStringDetector.java,850,862,N,"void void JavaChineseStringDetector$1.afterVisitParseArtefact(Node)(class com.example.JavaChineseStringDetector$1 *this, class lombok.ast.Node *node)",0,0.00,0.00,0,0,850 852
"void JavaChineseStringDetector$1.afterVisitReturn(Return)","com.example.JavaChineseStringDetector$1.afterVisitReturn(lombok.ast.Return):void.b9f95fbc37addd94912f7192f1436c92",1,0,NONE,12,0,mylints/src/main/java/com/example/JavaChineseStringDetector.java,710,862,N,"void void JavaChineseStringDetector$1.afterVisitReturn(Return)(class com.example.JavaChineseStringDetector$1 *this, class lombok.ast.Return *aReturn)",0,0.00,0.00,0,0,710 712
"void JavaChineseStringDetector$1.afterVisitSelect(Select)","com.example.JavaChineseStringDetector$1.afterVisitSelect(lombok.ast.Select):void.74d503f7718504665b8fd15de64fdff3",1,0,NONE,12,0,mylints/src/main/java/com/example/JavaChineseStringDetector.java,575,862,N,"void void JavaChineseStringDetector$1.afterVisitSelect(Select)(class com.example.JavaChineseStringDetector$1 *this, class lombok.ast.Select *select)",0,0.00,0.00,0,0,575 577
"void JavaChineseStringDetector$1.afterVisitStaticInitializer(StaticInitializer)","com.example.JavaChineseStringDetector$1.afterVisitStaticInitializer(lombok.ast.StaticInitializer):vo.5fae04bc01dd1bbd9e7da7e3ebcd922b",1,0,NONE,12,0,mylints/src/main/java/com/example/JavaChineseStringDetector.java,800,862,N,"void void JavaChineseStringDetector$1.afterVisitStaticInitializer(StaticInitializer)(class com.example.JavaChineseStringDetector$1 *this, class lombok.ast.StaticInitializer *staticInitializer)",0,0.00,0.00,0,0,800 802
"void JavaChineseStringDetector$1.afterVisitStringLiteral(StringLiteral)","com.example.JavaChineseStringDetector$1.afterVisitStringLiteral(lombok.ast.StringLiteral):void.e7d6d000cc51b7d29f27f16cd0c9ed97",1,0,NONE,12,0,mylints/src/main/java/com/example/JavaChineseStringDetector.java,531,862,N,"void void JavaChineseStringDetector$1.afterVisitStringLiteral(StringLiteral)(class com.example.JavaChineseStringDetector$1 *this, class lombok.ast.StringLiteral *stringLiteral)",0,0.00,0.00,0,0,531 532
"void JavaChineseStringDetector$1.afterVisitSuper(Super)","com.example.JavaChineseStringDetector$1.afterVisitSuper(lombok.ast.Super):void.3450f635bb2a984184f1d56a80b57c6f",1,0,NONE,12,0,mylints/src/main/java/com/example/JavaChineseStringDetector.java,610,862,N,"void void JavaChineseStringDetector$1.afterVisitSuper(Super)(class com.example.JavaChineseStringDetector$1 *this, class lombok.ast.Super *aSuper)",0,0.00,0.00,0,0,610 612
"void JavaChineseStringDetector$1.afterVisitSuperConstructorInvocation(SuperConstructorInvocation)","com.example.JavaChineseStringDetector$1.afterVisitSuperConstructorInvocation(lombok.ast.SuperConstru.a25aa080dc7d3859de554adce91c0453",1,0,NONE,12,0,mylints/src/main/java/com/example/JavaChineseStringDetector.java,785,862,N,"void void JavaChineseStringDetector$1.afterVisitSuperConstructorInvocation(SuperConstructorInvocation)(class com.example.JavaChineseStringDetector$1 *this, class lombok.ast.SuperConstructorInvocation *superConstructorInvocation)",0,0.00,0.00,0,0,785 787
"void JavaChineseStringDetector$1.afterVisitSwitch(Switch)","com.example.JavaChineseStringDetector$1.afterVisitSwitch(lombok.ast.Switch):void.9cf3e954559a0c19cd2a54611a993a9a",1,0,NONE,12,0,mylints/src/main/java/com/example/JavaChineseStringDetector.java,685,862,N,"void void JavaChineseStringDetector$1.afterVisitSwitch(Switch)(class com.example.JavaChineseStringDetector$1 *this, class lombok.ast.Switch *aSwitch)",0,0.00,0.00,0,0,685 687
"void JavaChineseStringDetector$1.afterVisitSynchronized(Synchronized)","com.example.JavaChineseStringDetector$1.afterVisitSynchronized(lombok.ast.Synchronized):void.b4248bd2c3abc3abed01a1ab73c1d6f3",1,0,NONE,12,0,mylints/src/main/java/com/example/JavaChineseStringDetector.java,665,862,N,"void void JavaChineseStringDetector$1.afterVisitSynchronized(Synchronized)(class com.example.JavaChineseStringDetector$1 *this, class lombok.ast.Synchronized *aSynchronized)",0,0.00,0.00,0,0,665 667
"void JavaChineseStringDetector$1.afterVisitThis(This)","com.example.JavaChineseStringDetector$1.afterVisitThis(lombok.ast.This):void.16c4863744bed2f51dc8d8c7c2cb935c",1,0,NONE,12,0,mylints/src/main/java/com/example/JavaChineseStringDetector.java,615,862,N,"void void JavaChineseStringDetector$1.afterVisitThis(This)(class com.example.JavaChineseStringDetector$1 *this, class lombok.ast.This *aThis)",0,0.00,0.00,0,0,615 617
"void JavaChineseStringDetector$1.afterVisitThrow(Throw)","com.example.JavaChineseStringDetector$1.afterVisitThrow(lombok.ast.Throw):void.30ba5f694125ec21467f42535cdb2598",1,0,NONE,12,0,mylints/src/main/java/com/example/JavaChineseStringDetector.java,715,862,N,"void void JavaChineseStringDetector$1.afterVisitThrow(Throw)(class com.example.JavaChineseStringDetector$1 *this, class lombok.ast.Throw *aThrow)",0,0.00,0.00,0,0,715 717
"void JavaChineseStringDetector$1.afterVisitTry(Try)","com.example.JavaChineseStringDetector$1.afterVisitTry(lombok.ast.Try):void.4099387c6de100ef46dcc9af471f5e6e",1,0,NONE,12,0,mylints/src/main/java/com/example/JavaChineseStringDetector.java,645,862,N,"void void JavaChineseStringDetector$1.afterVisitTry(Try)(class com.example.JavaChineseStringDetector$1 *this, class lombok.ast.Try *aTry)",0,0.00,0.00,0,0,645 647
"void JavaChineseStringDetector$1.afterVisitTypeReference(TypeReference)","com.example.JavaChineseStringDetector$1.afterVisitTypeReference(lombok.ast.TypeReference):void.281f95ead8209ea7f3380400706b6a9a",1,0,NONE,12,0,mylints/src/main/java/com/example/JavaChineseStringDetector.java,491,862,N,"void void JavaChineseStringDetector$1.afterVisitTypeReference(TypeReference)(class com.example.JavaChineseStringDetector$1 *this, class lombok.ast.TypeReference *typeReference)",0,0.00,0.00,0,0,491 493
"void JavaChineseStringDetector$1.afterVisitTypeReferencePart(TypeReferencePart)","com.example.JavaChineseStringDetector$1.afterVisitTypeReferencePart(lombok.ast.TypeReferencePart):vo.cbe9eacad016fff9fce6b79fcfb4ae56",1,0,NONE,12,0,mylints/src/main/java/com/example/JavaChineseStringDetector.java,496,862,N,"void void JavaChineseStringDetector$1.afterVisitTypeReferencePart(TypeReferencePart)(class com.example.JavaChineseStringDetector$1 *this, class lombok.ast.TypeReferencePart *typeReferencePart)",0,0.00,0.00,0,0,496 498
"void JavaChineseStringDetector$1.afterVisitTypeVariable(TypeVariable)","com.example.JavaChineseStringDetector$1.afterVisitTypeVariable(lombok.ast.TypeVariable):void.606af6a866be30aa6578a2a7ebb450f8",1,0,NONE,12,0,mylints/src/main/java/com/example/JavaChineseStringDetector.java,735,862,N,"void void JavaChineseStringDetector$1.afterVisitTypeVariable(TypeVariable)(class com.example.JavaChineseStringDetector$1 *this, class lombok.ast.TypeVariable *typeVariable)",0,0.00,0.00,0,0,735 737
"void JavaChineseStringDetector$1.afterVisitUnaryExpression(UnaryExpression)","com.example.JavaChineseStringDetector$1.afterVisitUnaryExpression(lombok.ast.UnaryExpression):void.2def073ebdad1750f67510eb1c61be80",1,0,NONE,12,0,mylints/src/main/java/com/example/JavaChineseStringDetector.java,545,862,N,"void void JavaChineseStringDetector$1.afterVisitUnaryExpression(UnaryExpression)(class com.example.JavaChineseStringDetector$1 *this, class lombok.ast.UnaryExpression *unaryExpression)",0,0.00,0.00,0,0,545 547
"void JavaChineseStringDetector$1.afterVisitVariableDeclaration(VariableDeclaration)","com.example.JavaChineseStringDetector$1.afterVisitVariableDeclaration(lombok.ast.VariableDeclaration.3fb131824cbf6897a3c3b8e3a13e3db1",1,0,NONE,12,0,mylints/src/main/java/com/example/JavaChineseStringDetector.java,720,862,N,"void void JavaChineseStringDetector$1.afterVisitVariableDeclaration(VariableDeclaration)(class com.example.JavaChineseStringDetector$1 *this, class lombok.ast.VariableDeclaration *variableDeclaration)",0,0.00,0.00,0,0,720 722
"void JavaChineseStringDetector$1.afterVisitVariableDefinition(VariableDefinition)","com.example.JavaChineseStringDetector$1.afterVisitVariableDefinition(lombok.ast.VariableDefinition):.792888e6ae5ceb997165acb91e216245",1,0,NONE,12,0,mylints/src/main/java/com/example/JavaChineseStringDetector.java,725,862,N,"void void JavaChineseStringDetector$1.afterVisitVariableDefinition(VariableDefinition)(class com.example.JavaChineseStringDetector$1 *this, class lombok.ast.VariableDefinition *variableDefinition)",0,0.00,0.00,0,0,725 727
"void JavaChineseStringDetector$1.afterVisitVariableDefinitionEntry(VariableDefinitionEntry)","com.example.JavaChineseStringDetector$1.afterVisitVariableDefinitionEntry(lombok.ast.VariableDefinit.b677b737a302b4207924cc6ffbc5195a",1,0,NONE,12,0,mylints/src/main/java/com/example/JavaChineseStringDetector.java,730,862,N,"void void JavaChineseStringDetector$1.afterVisitVariableDefinitionEntry(VariableDefinitionEntry)(class com.example.JavaChineseStringDetector$1 *this, class lombok.ast.VariableDefinitionEntry *variableDefinitionEntry)",0,0.00,0.00,0,0,730 732
"void JavaChineseStringDetector$1.afterVisitVariableReference(VariableReference)","com.example.JavaChineseStringDetector$1.afterVisitVariableReference(lombok.ast.VariableReference):vo.d7f129c29806153d1bf1a8f6482bca4f",1,0,NONE,12,0,mylints/src/main/java/com/example/JavaChineseStringDetector.java,501,862,N,"void void JavaChineseStringDetector$1.afterVisitVariableReference(VariableReference)(class com.example.JavaChineseStringDetector$1 *this, class lombok.ast.VariableReference *variableReference)",0,0.00,0.00,0,0,501 503
"void JavaChineseStringDetector$1.afterVisitWhile(While)","com.example.JavaChineseStringDetector$1.afterVisitWhile(lombok.ast.While):void.c8d3e3fe79c8e7d1f31ef970d22edbad",1,0,NONE,12,0,mylints/src/main/java/com/example/JavaChineseStringDetector.java,655,862,N,"void void JavaChineseStringDetector$1.afterVisitWhile(While)(class com.example.JavaChineseStringDetector$1 *this, class lombok.ast.While *aWhile)",0,0.00,0.00,0,0,655 657
"void JavaChineseStringDetector$1.endVisit(Node)","com.example.JavaChineseStringDetector$1.endVisit(lombok.ast.Node):void.effac76c2d7876c772cee7816745231a",1,0,NONE,12,0,mylints/src/main/java/com/example/JavaChineseStringDetector.java,486,862,N,"void void JavaChineseStringDetector$1.endVisit(Node)(class com.example.JavaChineseStringDetector$1 *this, class lombok.ast.Node *node)",0,0.00,0.00,0,0,486 488
"boolean JavaChineseStringDetector$1.visitAlternateConstructorInvocation(AlternateConstructorInvocation)","com.example.JavaChineseStringDetector$1.visitAlternateConstructorInvocation(lombok.ast.AlternateCons.bf227bab6ddbe82a647589e0043bdbfa",1,0,NONE,14,0,mylints/src/main/java/com/example/JavaChineseStringDetector.java,416,862,N,"_Bool boolean JavaChineseStringDetector$1.visitAlternateConstructorInvocation(AlternateConstructorInvocation)(class com.example.JavaChineseStringDetector$1 *this, class lombok.ast.AlternateConstructorInvocation *alternateConstructorInvocation)",0,0.00,0.00,0,0,416 417
"boolean JavaChineseStringDetector$1.visitAnnotation(Annotation)","com.example.JavaChineseStringDetector$1.visitAnnotation(lombok.ast.Annotation):boolean.419de49691f5e55c509f354cc919a6cb",1,0,NONE,14,0,mylints/src/main/java/com/example/JavaChineseStringDetector.java,376,862,N,"_Bool boolean JavaChineseStringDetector$1.visitAnnotation(Annotation)(class com.example.JavaChineseStringDetector$1 *this, class lombok.ast.Annotation *annotation)",0,0.00,0.00,0,0,376 377
"boolean JavaChineseStringDetector$1.visitAnnotationDeclaration(AnnotationDeclaration)","com.example.JavaChineseStringDetector$1.visitAnnotationDeclaration(lombok.ast.AnnotationDeclaration).38df0c757d822a3a1053f6f3ab3b0c32",1,0,NONE,14,0,mylints/src/main/java/com/example/JavaChineseStringDetector.java,451,862,N,"_Bool boolean JavaChineseStringDetector$1.visitAnnotationDeclaration(AnnotationDeclaration)(class com.example.JavaChineseStringDetector$1 *this, class lombok.ast.AnnotationDeclaration *annotationDeclaration)",0,0.00,0.00,0,0,451 452
"boolean JavaChineseStringDetector$1.visitAnnotationElement(AnnotationElement)","com.example.JavaChineseStringDetector$1.visitAnnotationElement(lombok.ast.AnnotationElement):boolean.8703f467bfacb9eae9e5309e1fdfb37d",1,0,NONE,14,0,mylints/src/main/java/com/example/JavaChineseStringDetector.java,381,862,N,"_Bool boolean JavaChineseStringDetector$1.visitAnnotationElement(AnnotationElement)(class com.example.JavaChineseStringDetector$1 *this, class lombok.ast.AnnotationElement *annotationElement)",0,0.00,0.00,0,0,381 382
"boolean JavaChineseStringDetector$1.visitAnnotationMethodDeclaration(AnnotationMethodDeclaration)","com.example.JavaChineseStringDetector$1.visitAnnotationMethodDeclaration(lombok.ast.AnnotationMethod.4df271268a05e2f30c75d13eb93e51a3",1,0,NONE,14,0,mylints/src/main/java/com/example/JavaChineseStringDetector.java,456,862,N,"_Bool boolean JavaChineseStringDetector$1.visitAnnotationMethodDeclaration(AnnotationMethodDeclaration)(class com.example.JavaChineseStringDetector$1 *this, class lombok.ast.AnnotationMethodDeclaration *annotationMethodDeclaration)",0,0.00,0.00,0,0,456 457
"boolean JavaChineseStringDetector$1.visitAnnotationValueArray(AnnotationValueArray)","com.example.JavaChineseStringDetector$1.visitAnnotationValueArray(lombok.ast.AnnotationValueArray):b.d2f9d3b7b99f6c9aa2ecc8776427d487",1,0,NONE,14,0,mylints/src/main/java/com/example/JavaChineseStringDetector.java,221,862,N,"_Bool boolean JavaChineseStringDetector$1.visitAnnotationValueArray(AnnotationValueArray)(class com.example.JavaChineseStringDetector$1 *this, class lombok.ast.AnnotationValueArray *annotationValueArray)",0,0.00,0.00,0,0,221 222
"boolean JavaChineseStringDetector$1.visitArrayAccess(ArrayAccess)","com.example.JavaChineseStringDetector$1.visitArrayAccess(lombok.ast.ArrayAccess):boolean.8e1270628f5d3fdf2c93d2c567ed8afd",1,0,NONE,14,0,mylints/src/main/java/com/example/JavaChineseStringDetector.java,206,862,N,"_Bool boolean JavaChineseStringDetector$1.visitArrayAccess(ArrayAccess)(class com.example.JavaChineseStringDetector$1 *this, class lombok.ast.ArrayAccess *arrayAccess)",0,0.00,0.00,0,0,206 207
"boolean JavaChineseStringDetector$1.visitArrayCreation(ArrayCreation)","com.example.JavaChineseStringDetector$1.visitArrayCreation(lombok.ast.ArrayCreation):boolean.5f992dcb0a26573606e6d73069b841b0",1,0,NONE,14,0,mylints/src/main/java/com/example/JavaChineseStringDetector.java,211,862,N,"_Bool boolean JavaChineseStringDetector$1.visitArrayCreation(ArrayCreation)(class com.example.JavaChineseStringDetector$1 *this, class lombok.ast.ArrayCreation *arrayCreation)",0,0.00,0.00,0,0,211 212
"boolean JavaChineseStringDetector$1.visitArrayDimension(ArrayDimension)","com.example.JavaChineseStringDetector$1.visitArrayDimension(lombok.ast.ArrayDimension):boolean.b1372154a90f1aa3c04a69223aea15bb",1,0,NONE,14,0,mylints/src/main/java/com/example/JavaChineseStringDetector.java,226,862,N,"_Bool boolean JavaChineseStringDetector$1.visitArrayDimension(ArrayDimension)(class com.example.JavaChineseStringDetector$1 *this, class lombok.ast.ArrayDimension *arrayDimension)",0,0.00,0.00,0,0,226 227
"boolean JavaChineseStringDetector$1.visitArrayInitializer(ArrayInitializer)","com.example.JavaChineseStringDetector$1.visitArrayInitializer(lombok.ast.ArrayInitializer):boolean.7c2bef05c88b599df9b390a4af9370ac",1,0,NONE,14,0,mylints/src/main/java/com/example/JavaChineseStringDetector.java,216,862,N,"_Bool boolean JavaChineseStringDetector$1.visitArrayInitializer(ArrayInitializer)(class com.example.JavaChineseStringDetector$1 *this, class lombok.ast.ArrayInitializer *arrayInitializer)",0,0.00,0.00,0,0,216 217
"boolean JavaChineseStringDetector$1.visitAssert(Assert)","com.example.JavaChineseStringDetector$1.visitAssert(lombok.ast.Assert):boolean.e14dbd5f2856d028bba59fe2eacd171d",1,0,NONE,14,0,mylints/src/main/java/com/example/JavaChineseStringDetector.java,301,862,N,"_Bool boolean JavaChineseStringDetector$1.visitAssert(Assert)(class com.example.JavaChineseStringDetector$1 *this, class lombok.ast.Assert *anAssert)",0,0.00,0.00,0,0,301 302
"boolean JavaChineseStringDetector$1.visitBinaryExpression(BinaryExpression)","com.example.JavaChineseStringDetector$1.visitBinaryExpression(lombok.ast.BinaryExpression):boolean.8fd42645fe9b3fb1d95c5922174d059c",1,0,NONE,14,0,mylints/src/main/java/com/example/JavaChineseStringDetector.java,166,862,N,"_Bool boolean JavaChineseStringDetector$1.visitBinaryExpression(BinaryExpression)(class com.example.JavaChineseStringDetector$1 *this, class lombok.ast.BinaryExpression *binaryExpression)",0,0.00,0.00,0,0,166 167
"boolean JavaChineseStringDetector$1.visitBlock(Block)","com.example.JavaChineseStringDetector$1.visitBlock(lombok.ast.Block):boolean.86398b168738bb46e73a855ea21ae163",1,0,NONE,14,0,mylints/src/main/java/com/example/JavaChineseStringDetector.java,296,862,N,"_Bool boolean JavaChineseStringDetector$1.visitBlock(Block)(class com.example.JavaChineseStringDetector$1 *this, class lombok.ast.Block *block)",0,0.00,0.00,0,0,296 297
"boolean JavaChineseStringDetector$1.visitBooleanLiteral(BooleanLiteral)","com.example.JavaChineseStringDetector$1.visitBooleanLiteral(lombok.ast.BooleanLiteral):boolean.1b027281a05108b8ed0d6cc60379f4d6",1,0,NONE,14,0,mylints/src/main/java/com/example/JavaChineseStringDetector.java,136,862,N,"_Bool boolean JavaChineseStringDetector$1.visitBooleanLiteral(BooleanLiteral)(class com.example.JavaChineseStringDetector$1 *this, class lombok.ast.BooleanLiteral *booleanLiteral)",0,0.00,0.00,0,0,136 137
"boolean JavaChineseStringDetector$1.visitBreak(Break)","com.example.JavaChineseStringDetector$1.visitBreak(lombok.ast.Break):boolean.78f889cd610848ae5365f340ce47fc08",1,0,NONE,14,0,mylints/src/main/java/com/example/JavaChineseStringDetector.java,326,862,N,"_Bool boolean JavaChineseStringDetector$1.visitBreak(Break)(class com.example.JavaChineseStringDetector$1 *this, class lombok.ast.Break *aBreak)",0,0.00,0.00,0,0,326 327
"boolean JavaChineseStringDetector$1.visitCase(Case)","com.example.JavaChineseStringDetector$1.visitCase(lombok.ast.Case):boolean.f729a640e3e677e2f7a12e31dc20a754",1,0,NONE,14,0,mylints/src/main/java/com/example/JavaChineseStringDetector.java,316,862,N,"_Bool boolean JavaChineseStringDetector$1.visitCase(Case)(class com.example.JavaChineseStringDetector$1 *this, class lombok.ast.Case *aCase)",0,0.00,0.00,0,0,316 317
"boolean JavaChineseStringDetector$1.visitCast(Cast)","com.example.JavaChineseStringDetector$1.visitCast(lombok.ast.Cast):boolean.8e463a6a8c0abb137eaf95eb47bd1346",1,0,NONE,14,0,mylints/src/main/java/com/example/JavaChineseStringDetector.java,181,862,N,"_Bool boolean JavaChineseStringDetector$1.visitCast(Cast)(class com.example.JavaChineseStringDetector$1 *this, class lombok.ast.Cast *cast)",0,0.00,0.00,0,0,181 182
"boolean JavaChineseStringDetector$1.visitCatch(Catch)","com.example.JavaChineseStringDetector$1.visitCatch(lombok.ast.Catch):boolean.44660ed83a49d1d84d33e4931fe9861e",1,0,NONE,14,0,mylints/src/main/java/com/example/JavaChineseStringDetector.java,276,862,N,"_Bool boolean JavaChineseStringDetector$1.visitCatch(Catch)(class com.example.JavaChineseStringDetector$1 *this, class lombok.ast.Catch *aCatch)",0,0.00,0.00,0,0,276 277
"boolean JavaChineseStringDetector$1.visitCharLiteral(CharLiteral)","com.example.JavaChineseStringDetector$1.visitCharLiteral(lombok.ast.CharLiteral):boolean.8945cfca3974b336995bb9a437b25a5d",1,0,NONE,14,0,mylints/src/main/java/com/example/JavaChineseStringDetector.java,141,862,N,"_Bool boolean JavaChineseStringDetector$1.visitCharLiteral(CharLiteral)(class com.example.JavaChineseStringDetector$1 *this, class lombok.ast.CharLiteral *charLiteral)",0,0.00,0.00,0,0,141 142
"boolean JavaChineseStringDetector$1.visitClassDeclaration(ClassDeclaration)","com.example.JavaChineseStringDetector$1.visitClassDeclaration(lombok.ast.ClassDeclaration):boolean.0bbbfa8b1f7bfe326cd3f14ea550d5d0",1,0,NONE,14,0,mylints/src/main/java/com/example/JavaChineseStringDetector.java,431,862,N,"_Bool boolean JavaChineseStringDetector$1.visitClassDeclaration(ClassDeclaration)(class com.example.JavaChineseStringDetector$1 *this, class lombok.ast.ClassDeclaration *classDeclaration)",0,0.00,0.00,0,0,431 432
"boolean JavaChineseStringDetector$1.visitClassLiteral(ClassLiteral)","com.example.JavaChineseStringDetector$1.visitClassLiteral(lombok.ast.ClassLiteral):boolean.d8cc0a45459dcaed8699c5d97f2499b7",1,0,NONE,14,0,mylints/src/main/java/com/example/JavaChineseStringDetector.java,231,862,N,"_Bool boolean JavaChineseStringDetector$1.visitClassLiteral(ClassLiteral)(class com.example.JavaChineseStringDetector$1 *this, class lombok.ast.ClassLiteral *classLiteral)",0,0.00,0.00,0,0,231 232
"boolean JavaChineseStringDetector$1.visitComment(Comment)","com.example.JavaChineseStringDetector$1.visitComment(lombok.ast.Comment):boolean.bb9884fcbefc5e47a7006a7d5ea5609c",1,0,NONE,14,0,mylints/src/main/java/com/example/JavaChineseStringDetector.java,481,862,N,"_Bool boolean JavaChineseStringDetector$1.visitComment(Comment)(class com.example.JavaChineseStringDetector$1 *this, class lombok.ast.Comment *comment)",0,0.00,0.00,0,0,481 482
"boolean JavaChineseStringDetector$1.visitCompilationUnit(CompilationUnit)","com.example.JavaChineseStringDetector$1.visitCompilationUnit(lombok.ast.CompilationUnit):boolean.f65f90df0dd2641676c81ba234211e70",1,0,NONE,14,0,mylints/src/main/java/com/example/JavaChineseStringDetector.java,461,862,N,"_Bool boolean JavaChineseStringDetector$1.visitCompilationUnit(CompilationUnit)(class com.example.JavaChineseStringDetector$1 *this, class lombok.ast.CompilationUnit *compilationUnit)",0,0.00,0.00,0,0,461 462
"boolean JavaChineseStringDetector$1.visitConstructorDeclaration(ConstructorDeclaration)","com.example.JavaChineseStringDetector$1.visitConstructorDeclaration(lombok.ast.ConstructorDeclaratio.ec99af65cade3ae46731d76ce0ddc548",1,0,NONE,14,0,mylints/src/main/java/com/example/JavaChineseStringDetector.java,406,862,N,"_Bool boolean JavaChineseStringDetector$1.visitConstructorDeclaration(ConstructorDeclaration)(class com.example.JavaChineseStringDetector$1 *this, class lombok.ast.ConstructorDeclaration *constructorDeclaration)",0,0.00,0.00,0,0,406 407
"boolean JavaChineseStringDetector$1.visitConstructorInvocation(ConstructorInvocation)","com.example.JavaChineseStringDetector$1.visitConstructorInvocation(lombok.ast.ConstructorInvocation).83df7c4586982c57e69b19a5ce8ee095",1,0,NONE,14,0,mylints/src/main/java/com/example/JavaChineseStringDetector.java,191,862,N,"_Bool boolean JavaChineseStringDetector$1.visitConstructorInvocation(ConstructorInvocation)(class com.example.JavaChineseStringDetector$1 *this, class lombok.ast.ConstructorInvocation *constructorInvocation)",0,0.00,0.00,0,0,191 192
"boolean JavaChineseStringDetector$1.visitContinue(Continue)","com.example.JavaChineseStringDetector$1.visitContinue(lombok.ast.Continue):boolean.a222bf547c46ff3422dad9e0adfe644a",1,0,NONE,14,0,mylints/src/main/java/com/example/JavaChineseStringDetector.java,331,862,N,"_Bool boolean JavaChineseStringDetector$1.visitContinue(Continue)(class com.example.JavaChineseStringDetector$1 *this, class lombok.ast.Continue *aContinue)",0,0.00,0.00,0,0,331 332
"boolean JavaChineseStringDetector$1.visitDefault(Default)","com.example.JavaChineseStringDetector$1.visitDefault(lombok.ast.Default):boolean.15fad5dfd5364a87019dcc6e30dc8152",1,0,NONE,14,0,mylints/src/main/java/com/example/JavaChineseStringDetector.java,321,862,N,"_Bool boolean JavaChineseStringDetector$1.visitDefault(Default)(class com.example.JavaChineseStringDetector$1 *this, class lombok.ast.Default *aDefault)",0,0.00,0.00,0,0,321 322
"boolean JavaChineseStringDetector$1.visitDoWhile(DoWhile)","com.example.JavaChineseStringDetector$1.visitDoWhile(lombok.ast.DoWhile):boolean.41accfbd8857bdeb7a968cb17dfe4e71",1,0,NONE,14,0,mylints/src/main/java/com/example/JavaChineseStringDetector.java,286,862,N,"_Bool boolean JavaChineseStringDetector$1.visitDoWhile(DoWhile)(class com.example.JavaChineseStringDetector$1 *this, class lombok.ast.DoWhile *doWhile)",0,0.00,0.00,0,0,286 287
"boolean JavaChineseStringDetector$1.visitEmptyDeclaration(EmptyDeclaration)","com.example.JavaChineseStringDetector$1.visitEmptyDeclaration(lombok.ast.EmptyDeclaration):boolean.08c18fa8a1b699a455cc8ecf4a5f37b0",1,0,NONE,14,0,mylints/src/main/java/com/example/JavaChineseStringDetector.java,396,862,N,"_Bool boolean JavaChineseStringDetector$1.visitEmptyDeclaration(EmptyDeclaration)(class com.example.JavaChineseStringDetector$1 *this, class lombok.ast.EmptyDeclaration *emptyDeclaration)",0,0.00,0.00,0,0,396 397
"boolean JavaChineseStringDetector$1.visitEmptyStatement(EmptyStatement)","com.example.JavaChineseStringDetector$1.visitEmptyStatement(lombok.ast.EmptyStatement):boolean.14dbf09c6902e6a4e9b09bbcc975bfeb",1,0,NONE,14,0,mylints/src/main/java/com/example/JavaChineseStringDetector.java,306,862,N,"_Bool boolean JavaChineseStringDetector$1.visitEmptyStatement(EmptyStatement)(class com.example.JavaChineseStringDetector$1 *this, class lombok.ast.EmptyStatement *emptyStatement)",0,0.00,0.00,0,0,306 307
"boolean JavaChineseStringDetector$1.visitEnumConstant(EnumConstant)","com.example.JavaChineseStringDetector$1.visitEnumConstant(lombok.ast.EnumConstant):boolean.143128e6628405265ab11d248a096ab6",1,0,NONE,14,0,mylints/src/main/java/com/example/JavaChineseStringDetector.java,446,862,N,"_Bool boolean JavaChineseStringDetector$1.visitEnumConstant(EnumConstant)(class com.example.JavaChineseStringDetector$1 *this, class lombok.ast.EnumConstant *enumConstant)",0,0.00,0.00,0,0,446 447
"boolean JavaChineseStringDetector$1.visitEnumDeclaration(EnumDeclaration)","com.example.JavaChineseStringDetector$1.visitEnumDeclaration(lombok.ast.EnumDeclaration):boolean.11f7aa7aca45ae4dedfd54a03d35d0be",1,0,NONE,14,0,mylints/src/main/java/com/example/JavaChineseStringDetector.java,441,862,N,"_Bool boolean JavaChineseStringDetector$1.visitEnumDeclaration(EnumDeclaration)(class com.example.JavaChineseStringDetector$1 *this, class lombok.ast.EnumDeclaration *enumDeclaration)",0,0.00,0.00,0,0,441 442
"boolean JavaChineseStringDetector$1.visitEnumTypeBody(EnumTypeBody)","com.example.JavaChineseStringDetector$1.visitEnumTypeBody(lombok.ast.EnumTypeBody):boolean.b120924d2ea2a4ef8279f75d20514fc4",1,0,NONE,14,0,mylints/src/main/java/com/example/JavaChineseStringDetector.java,391,862,N,"_Bool boolean JavaChineseStringDetector$1.visitEnumTypeBody(EnumTypeBody)(class com.example.JavaChineseStringDetector$1 *this, class lombok.ast.EnumTypeBody *enumTypeBody)",0,0.00,0.00,0,0,391 392
"boolean JavaChineseStringDetector$1.visitExpressionStatement(ExpressionStatement)","com.example.JavaChineseStringDetector$1.visitExpressionStatement(lombok.ast.ExpressionStatement):boo.86ece5bcbb0ed38229e3797e46d34699",1,0,NONE,14,0,mylints/src/main/java/com/example/JavaChineseStringDetector.java,251,862,N,"_Bool boolean JavaChineseStringDetector$1.visitExpressionStatement(ExpressionStatement)(class com.example.JavaChineseStringDetector$1 *this, class lombok.ast.ExpressionStatement *expressionStatement)",0,0.00,0.00,0,0,251 252
"boolean JavaChineseStringDetector$1.visitFloatingPointLiteral(FloatingPointLiteral)","com.example.JavaChineseStringDetector$1.visitFloatingPointLiteral(lombok.ast.FloatingPointLiteral):b.d4e694d291d7b0c81d9910c80f290196",1,0,NONE,14,0,mylints/src/main/java/com/example/JavaChineseStringDetector.java,131,862,N,"_Bool boolean JavaChineseStringDetector$1.visitFloatingPointLiteral(FloatingPointLiteral)(class com.example.JavaChineseStringDetector$1 *this, class lombok.ast.FloatingPointLiteral *floatingPointLiteral)",0,0.00,0.00,0,0,131 132
"boolean JavaChineseStringDetector$1.visitFor(For)","com.example.JavaChineseStringDetector$1.visitFor(lombok.ast.For):boolean.d94673dcfb27c4980a81bfecf9654591",1,0,NONE,14,0,mylints/src/main/java/com/example/JavaChineseStringDetector.java,261,862,N,"_Bool boolean JavaChineseStringDetector$1.visitFor(For)(class com.example.JavaChineseStringDetector$1 *this, class lombok.ast.For *aFor)",0,0.00,0.00,0,0,261 262
"boolean JavaChineseStringDetector$1.visitForEach(ForEach)","com.example.JavaChineseStringDetector$1.visitForEach(lombok.ast.ForEach):boolean.4945b535449cd6c99caac5cc1a1e0f58",1,0,NONE,14,0,mylints/src/main/java/com/example/JavaChineseStringDetector.java,266,862,N,"_Bool boolean JavaChineseStringDetector$1.visitForEach(ForEach)(class com.example.JavaChineseStringDetector$1 *this, class lombok.ast.ForEach *forEach)",0,0.00,0.00,0,0,266 267
"boolean JavaChineseStringDetector$1.visitIdentifier(Identifier)","com.example.JavaChineseStringDetector$1.visitIdentifier(lombok.ast.Identifier):boolean.91dbc29b2c1edb261b0a2a5ffbf45c56",1,0,NONE,14,0,mylints/src/main/java/com/example/JavaChineseStringDetector.java,121,862,N,"_Bool boolean JavaChineseStringDetector$1.visitIdentifier(Identifier)(class com.example.JavaChineseStringDetector$1 *this, class lombok.ast.Identifier *identifier)",0,0.00,0.00,0,0,121 122
"boolean JavaChineseStringDetector$1.visitIf(If)","com.example.JavaChineseStringDetector$1.visitIf(lombok.ast.If):boolean.56f321c96efd347dca7b08fa778f9f36",1,0,NONE,14,0,mylints/src/main/java/com/example/JavaChineseStringDetector.java,256,862,N,"_Bool boolean JavaChineseStringDetector$1.visitIf(If)(class com.example.JavaChineseStringDetector$1 *this, class lombok.ast.If *anIf)",0,0.00,0.00,0,0,256 257
"boolean JavaChineseStringDetector$1.visitImportDeclaration(ImportDeclaration)","com.example.JavaChineseStringDetector$1.visitImportDeclaration(lombok.ast.ImportDeclaration):boolean.b0431b601aa1e48e22045642cd3decd5",1,0,NONE,14,0,mylints/src/main/java/com/example/JavaChineseStringDetector.java,471,862,N,"_Bool boolean JavaChineseStringDetector$1.visitImportDeclaration(ImportDeclaration)(class com.example.JavaChineseStringDetector$1 *this, class lombok.ast.ImportDeclaration *importDeclaration)",0,0.00,0.00,0,0,471 472
"boolean JavaChineseStringDetector$1.visitInlineIfExpression(InlineIfExpression)","com.example.JavaChineseStringDetector$1.visitInlineIfExpression(lombok.ast.InlineIfExpression):boole.51507717e26ded29e83f8fdc57c2b6bf",1,0,NONE,14,0,mylints/src/main/java/com/example/JavaChineseStringDetector.java,176,862,N,"_Bool boolean JavaChineseStringDetector$1.visitInlineIfExpression(InlineIfExpression)(class com.example.JavaChineseStringDetector$1 *this, class lombok.ast.InlineIfExpression *inlineIfExpression)",0,0.00,0.00,0,0,176 177
"boolean JavaChineseStringDetector$1.visitInstanceInitializer(InstanceInitializer)","com.example.JavaChineseStringDetector$1.visitInstanceInitializer(lombok.ast.InstanceInitializer):boo.df250e3b61231839448b9d521dfa6d58",1,0,NONE,14,0,mylints/src/main/java/com/example/JavaChineseStringDetector.java,421,862,N,"_Bool boolean JavaChineseStringDetector$1.visitInstanceInitializer(InstanceInitializer)(class com.example.JavaChineseStringDetector$1 *this, class lombok.ast.InstanceInitializer *instanceInitializer)",0,0.00,0.00,0,0,421 422
"boolean JavaChineseStringDetector$1.visitInstanceOf(InstanceOf)","com.example.JavaChineseStringDetector$1.visitInstanceOf(lombok.ast.InstanceOf):boolean.3088367c282afc60819b3da17f5bf08a",1,0,NONE,14,0,mylints/src/main/java/com/example/JavaChineseStringDetector.java,186,862,N,"_Bool boolean JavaChineseStringDetector$1.visitInstanceOf(InstanceOf)(class com.example.JavaChineseStringDetector$1 *this, class lombok.ast.InstanceOf *instanceOf)",0,0.00,0.00,0,0,186 187
"boolean JavaChineseStringDetector$1.visitIntegralLiteral(IntegralLiteral)","com.example.JavaChineseStringDetector$1.visitIntegralLiteral(lombok.ast.IntegralLiteral):boolean.c5cc3474e490e52fb8df5bc97ad59d98",1,0,NONE,14,0,mylints/src/main/java/com/example/JavaChineseStringDetector.java,126,862,N,"_Bool boolean JavaChineseStringDetector$1.visitIntegralLiteral(IntegralLiteral)(class com.example.JavaChineseStringDetector$1 *this, class lombok.ast.IntegralLiteral *integralLiteral)",0,0.00,0.00,0,0,126 127
"boolean JavaChineseStringDetector$1.visitInterfaceDeclaration(InterfaceDeclaration)","com.example.JavaChineseStringDetector$1.visitInterfaceDeclaration(lombok.ast.InterfaceDeclaration):b.8b27d30fa8fbaf7a07b12529efcc6ae4",1,0,NONE,14,0,mylints/src/main/java/com/example/JavaChineseStringDetector.java,436,862,N,"_Bool boolean JavaChineseStringDetector$1.visitInterfaceDeclaration(InterfaceDeclaration)(class com.example.JavaChineseStringDetector$1 *this, class lombok.ast.InterfaceDeclaration *interfaceDeclaration)",0,0.00,0.00,0,0,436 437
"boolean JavaChineseStringDetector$1.visitKeywordModifier(KeywordModifier)","com.example.JavaChineseStringDetector$1.visitKeywordModifier(lombok.ast.KeywordModifier):boolean.0d697f216c0b56d00faca1df85818bf7",1,0,NONE,14,0,mylints/src/main/java/com/example/JavaChineseStringDetector.java,366,862,N,"_Bool boolean JavaChineseStringDetector$1.visitKeywordModifier(KeywordModifier)(class com.example.JavaChineseStringDetector$1 *this, class lombok.ast.KeywordModifier *keywordModifier)",0,0.00,0.00,0,0,366 367
"boolean JavaChineseStringDetector$1.visitLabelledStatement(LabelledStatement)","com.example.JavaChineseStringDetector$1.visitLabelledStatement(lombok.ast.LabelledStatement):boolean.4e0f82db7c48e4caae948dedf85ec856",1,0,NONE,14,0,mylints/src/main/java/com/example/JavaChineseStringDetector.java,246,862,N,"_Bool boolean JavaChineseStringDetector$1.visitLabelledStatement(LabelledStatement)(class com.example.JavaChineseStringDetector$1 *this, class lombok.ast.LabelledStatement *labelledStatement)",0,0.00,0.00,0,0,246 247
"boolean JavaChineseStringDetector$1.visitMethodDeclaration(MethodDeclaration)","com.example.JavaChineseStringDetector$1.visitMethodDeclaration(lombok.ast.MethodDeclaration):boolean.b59b588b43f86f147f61afff7c4a0e60",1,0,NONE,14,0,mylints/src/main/java/com/example/JavaChineseStringDetector.java,401,862,N,"_Bool boolean JavaChineseStringDetector$1.visitMethodDeclaration(MethodDeclaration)(class com.example.JavaChineseStringDetector$1 *this, class lombok.ast.MethodDeclaration *methodDeclaration)",0,0.00,0.00,0,0,401 402
"boolean JavaChineseStringDetector$1.visitMethodInvocation(MethodInvocation)","com.example.JavaChineseStringDetector$1.visitMethodInvocation(lombok.ast.MethodInvocation):boolean.24d50988acbace1315be80d5403c7a70",1,0,NONE,14,0,mylints/src/main/java/com/example/JavaChineseStringDetector.java,196,862,N,"_Bool boolean JavaChineseStringDetector$1.visitMethodInvocation(MethodInvocation)(class com.example.JavaChineseStringDetector$1 *this, class lombok.ast.MethodInvocation *methodInvocation)",0,0.00,0.00,0,0,196 197
"boolean JavaChineseStringDetector$1.visitModifiers(Modifiers)","com.example.JavaChineseStringDetector$1.visitModifiers(lombok.ast.Modifiers):boolean.f5e21751cb423af47c72f9925841c049",1,0,NONE,14,0,mylints/src/main/java/com/example/JavaChineseStringDetector.java,371,862,N,"_Bool boolean JavaChineseStringDetector$1.visitModifiers(Modifiers)(class com.example.JavaChineseStringDetector$1 *this, class lombok.ast.Modifiers *modifiers)",0,0.00,0.00,0,0,371 372
"boolean JavaChineseStringDetector$1.visitNormalTypeBody(NormalTypeBody)","com.example.JavaChineseStringDetector$1.visitNormalTypeBody(lombok.ast.NormalTypeBody):boolean.d003db4a63a062de5ad10fce0a146313",1,0,NONE,14,0,mylints/src/main/java/com/example/JavaChineseStringDetector.java,386,862,N,"_Bool boolean JavaChineseStringDetector$1.visitNormalTypeBody(NormalTypeBody)(class com.example.JavaChineseStringDetector$1 *this, class lombok.ast.NormalTypeBody *normalTypeBody)",0,0.00,0.00,0,0,386 387
"boolean JavaChineseStringDetector$1.visitNullLiteral(NullLiteral)","com.example.JavaChineseStringDetector$1.visitNullLiteral(lombok.ast.NullLiteral):boolean.183fc5a698244ee3e514faaade07b60a",1,0,NONE,14,0,mylints/src/main/java/com/example/JavaChineseStringDetector.java,161,862,N,"_Bool boolean JavaChineseStringDetector$1.visitNullLiteral(NullLiteral)(class com.example.JavaChineseStringDetector$1 *this, class lombok.ast.NullLiteral *nullLiteral)",0,0.00,0.00,0,0,161 162
"boolean JavaChineseStringDetector$1.visitPackageDeclaration(PackageDeclaration)","com.example.JavaChineseStringDetector$1.visitPackageDeclaration(lombok.ast.PackageDeclaration):boole.4e6bc72814a608ed9b5778dd56170683",1,0,NONE,14,0,mylints/src/main/java/com/example/JavaChineseStringDetector.java,466,862,N,"_Bool boolean JavaChineseStringDetector$1.visitPackageDeclaration(PackageDeclaration)(class com.example.JavaChineseStringDetector$1 *this, class lombok.ast.PackageDeclaration *packageDeclaration)",0,0.00,0.00,0,0,466 467
"boolean JavaChineseStringDetector$1.visitParseArtefact(Node)","com.example.JavaChineseStringDetector$1.visitParseArtefact(lombok.ast.Node):boolean.38cd6d6f4a9b700a5e712cc68f965a5f",1,0,NONE,14,0,mylints/src/main/java/com/example/JavaChineseStringDetector.java,476,862,N,"_Bool boolean JavaChineseStringDetector$1.visitParseArtefact(Node)(class com.example.JavaChineseStringDetector$1 *this, class lombok.ast.Node *node)",0,0.00,0.00,0,0,476 477
"boolean JavaChineseStringDetector$1.visitReturn(Return)","com.example.JavaChineseStringDetector$1.visitReturn(lombok.ast.Return):boolean.e7c48ef4201f966e462eb120220600e6",1,0,NONE,14,0,mylints/src/main/java/com/example/JavaChineseStringDetector.java,336,862,N,"_Bool boolean JavaChineseStringDetector$1.visitReturn(Return)(class com.example.JavaChineseStringDetector$1 *this, class lombok.ast.Return *aReturn)",0,0.00,0.00,0,0,336 337
"boolean JavaChineseStringDetector$1.visitSelect(Select)","com.example.JavaChineseStringDetector$1.visitSelect(lombok.ast.Select):boolean.9ce3942b731e9a3042330dea08e32efb",1,0,NONE,14,0,mylints/src/main/java/com/example/JavaChineseStringDetector.java,201,862,N,"_Bool boolean JavaChineseStringDetector$1.visitSelect(Select)(class com.example.JavaChineseStringDetector$1 *this, class lombok.ast.Select *select)",0,0.00,0.00,0,0,201 202
"boolean JavaChineseStringDetector$1.visitStaticInitializer(StaticInitializer)","com.example.JavaChineseStringDetector$1.visitStaticInitializer(lombok.ast.StaticInitializer):boolean.7b9dfd61f9dfc8b5fac80622b42f0f98",1,0,NONE,14,0,mylints/src/main/java/com/example/JavaChineseStringDetector.java,426,862,N,"_Bool boolean JavaChineseStringDetector$1.visitStaticInitializer(StaticInitializer)(class com.example.JavaChineseStringDetector$1 *this, class lombok.ast.StaticInitializer *staticInitializer)",0,0.00,0.00,0,0,426 427
"boolean JavaChineseStringDetector$1.visitStringLiteral(StringLiteral)","com.example.JavaChineseStringDetector$1.visitStringLiteral(lombok.ast.StringLiteral):boolean.afb843dc8bb6013809392e087af8d4ed",2,0,NONE,279,0,mylints/src/main/java/com/example/JavaChineseStringDetector.java,146,862,N,"_Bool boolean JavaChineseStringDetector$1.visitStringLiteral(StringLiteral)(class com.example.JavaChineseStringDetector$1 *this, class lombok.ast.StringLiteral *stringLiteral)",0,0.00,0.00,0,0,146 147 148 149 150 151 153 154 157
"boolean JavaChineseStringDetector$1.visitSuper(Super)","com.example.JavaChineseStringDetector$1.visitSuper(lombok.ast.Super):boolean.b2d712786a089001808e0ba09892a5c7",1,0,NONE,14,0,mylints/src/main/java/com/example/JavaChineseStringDetector.java,236,862,N,"_Bool boolean JavaChineseStringDetector$1.visitSuper(Super)(class com.example.JavaChineseStringDetector$1 *this, class lombok.ast.Super *aSuper)",0,0.00,0.00,0,0,236 237
"boolean JavaChineseStringDetector$1.visitSuperConstructorInvocation(SuperConstructorInvocation)","com.example.JavaChineseStringDetector$1.visitSuperConstructorInvocation(lombok.ast.SuperConstructorI.bceb042f8fb7e973f8a9955623e96140",1,0,NONE,14,0,mylints/src/main/java/com/example/JavaChineseStringDetector.java,411,862,N,"_Bool boolean JavaChineseStringDetector$1.visitSuperConstructorInvocation(SuperConstructorInvocation)(class com.example.JavaChineseStringDetector$1 *this, class lombok.ast.SuperConstructorInvocation *superConstructorInvocation)",0,0.00,0.00,0,0,411 412
"boolean JavaChineseStringDetector$1.visitSwitch(Switch)","com.example.JavaChineseStringDetector$1.visitSwitch(lombok.ast.Switch):boolean.d24a375d6053beba0e259e31832532f8",1,0,NONE,14,0,mylints/src/main/java/com/example/JavaChineseStringDetector.java,311,862,N,"_Bool boolean JavaChineseStringDetector$1.visitSwitch(Switch)(class com.example.JavaChineseStringDetector$1 *this, class lombok.ast.Switch *aSwitch)",0,0.00,0.00,0,0,311 312
"boolean JavaChineseStringDetector$1.visitSynchronized(Synchronized)","com.example.JavaChineseStringDetector$1.visitSynchronized(lombok.ast.Synchronized):boolean.29f9e433baed1b7215fbf86028731b26",1,0,NONE,14,0,mylints/src/main/java/com/example/JavaChineseStringDetector.java,291,862,N,"_Bool boolean JavaChineseStringDetector$1.visitSynchronized(Synchronized)(class com.example.JavaChineseStringDetector$1 *this, class lombok.ast.Synchronized *aSynchronized)",0,0.00,0.00,0,0,291 292
"boolean JavaChineseStringDetector$1.visitThis(This)","com.example.JavaChineseStringDetector$1.visitThis(lombok.ast.This):boolean.d3e1b3d61a8ddf34259e2d205220d527",1,0,NONE,14,0,mylints/src/main/java/com/example/JavaChineseStringDetector.java,241,862,N,"_Bool boolean JavaChineseStringDetector$1.visitThis(This)(class com.example.JavaChineseStringDetector$1 *this, class lombok.ast.This *aThis)",0,0.00,0.00,0,0,241 242
"boolean JavaChineseStringDetector$1.visitThrow(Throw)","com.example.JavaChineseStringDetector$1.visitThrow(lombok.ast.Throw):boolean.82ff39762bf81fae495769ba953b5cbf",1,0,NONE,14,0,mylints/src/main/java/com/example/JavaChineseStringDetector.java,341,862,N,"_Bool boolean JavaChineseStringDetector$1.visitThrow(Throw)(class com.example.JavaChineseStringDetector$1 *this, class lombok.ast.Throw *aThrow)",0,0.00,0.00,0,0,341 342
"boolean JavaChineseStringDetector$1.visitTry(Try)","com.example.JavaChineseStringDetector$1.visitTry(lombok.ast.Try):boolean.1a2b4eab5884723d94b45231d6c240a5",1,0,NONE,14,0,mylints/src/main/java/com/example/JavaChineseStringDetector.java,271,862,N,"_Bool boolean JavaChineseStringDetector$1.visitTry(Try)(class com.example.JavaChineseStringDetector$1 *this, class lombok.ast.Try *aTry)",0,0.00,0.00,0,0,271 272
"boolean JavaChineseStringDetector$1.visitTypeReference(TypeReference)","com.example.JavaChineseStringDetector$1.visitTypeReference(lombok.ast.TypeReference):boolean.d40e1246ae00ae3d62f0eef577992403",1,0,NONE,14,0,mylints/src/main/java/com/example/JavaChineseStringDetector.java,106,862,N,"_Bool boolean JavaChineseStringDetector$1.visitTypeReference(TypeReference)(class com.example.JavaChineseStringDetector$1 *this, class lombok.ast.TypeReference *typeReference)",0,0.00,0.00,0,0,106 107
"boolean JavaChineseStringDetector$1.visitTypeReferencePart(TypeReferencePart)","com.example.JavaChineseStringDetector$1.visitTypeReferencePart(lombok.ast.TypeReferencePart):boolean.ea6c6e2b78cd3d1da6f1a703dd978a0e",1,0,NONE,14,0,mylints/src/main/java/com/example/JavaChineseStringDetector.java,111,862,N,"_Bool boolean JavaChineseStringDetector$1.visitTypeReferencePart(TypeReferencePart)(class com.example.JavaChineseStringDetector$1 *this, class lombok.ast.TypeReferencePart *typeReferencePart)",0,0.00,0.00,0,0,111 112
"boolean JavaChineseStringDetector$1.visitTypeVariable(TypeVariable)","com.example.JavaChineseStringDetector$1.visitTypeVariable(lombok.ast.TypeVariable):boolean.d38324b9682f2d405f150c07c7848bfc",1,0,NONE,14,0,mylints/src/main/java/com/example/JavaChineseStringDetector.java,361,862,N,"_Bool boolean JavaChineseStringDetector$1.visitTypeVariable(TypeVariable)(class com.example.JavaChineseStringDetector$1 *this, class lombok.ast.TypeVariable *typeVariable)",0,0.00,0.00,0,0,361 362
"boolean JavaChineseStringDetector$1.visitUnaryExpression(UnaryExpression)","com.example.JavaChineseStringDetector$1.visitUnaryExpression(lombok.ast.UnaryExpression):boolean.a49fe6bdc3f87bb5a285b35950530e9a",1,0,NONE,14,0,mylints/src/main/java/com/example/JavaChineseStringDetector.java,171,862,N,"_Bool boolean JavaChineseStringDetector$1.visitUnaryExpression(UnaryExpression)(class com.example.JavaChineseStringDetector$1 *this, class lombok.ast.UnaryExpression *unaryExpression)",0,0.00,0.00,0,0,171 172
"boolean JavaChineseStringDetector$1.visitVariableDeclaration(VariableDeclaration)","com.example.JavaChineseStringDetector$1.visitVariableDeclaration(lombok.ast.VariableDeclaration):boo.00d96ada85260b2096161e09e4d693c5",1,0,NONE,14,0,mylints/src/main/java/com/example/JavaChineseStringDetector.java,346,862,N,"_Bool boolean JavaChineseStringDetector$1.visitVariableDeclaration(VariableDeclaration)(class com.example.JavaChineseStringDetector$1 *this, class lombok.ast.VariableDeclaration *variableDeclaration)",0,0.00,0.00,0,0,346 347
"boolean JavaChineseStringDetector$1.visitVariableDefinition(VariableDefinition)","com.example.JavaChineseStringDetector$1.visitVariableDefinition(lombok.ast.VariableDefinition):boole.a9598291afe25ad5addf153181308e09",1,0,NONE,14,0,mylints/src/main/java/com/example/JavaChineseStringDetector.java,351,862,N,"_Bool boolean JavaChineseStringDetector$1.visitVariableDefinition(VariableDefinition)(class com.example.JavaChineseStringDetector$1 *this, class lombok.ast.VariableDefinition *variableDefinition)",0,0.00,0.00,0,0,351 352
"boolean JavaChineseStringDetector$1.visitVariableDefinitionEntry(VariableDefinitionEntry)","com.example.JavaChineseStringDetector$1.visitVariableDefinitionEntry(lombok.ast.VariableDefinitionEn.d85d895e6a45a3c481f6f7487cba0c92",1,0,NONE,14,0,mylints/src/main/java/com/example/JavaChineseStringDetector.java,356,862,N,"_Bool boolean JavaChineseStringDetector$1.visitVariableDefinitionEntry(VariableDefinitionEntry)(class com.example.JavaChineseStringDetector$1 *this, class lombok.ast.VariableDefinitionEntry *variableDefinitionEntry)",0,0.00,0.00,0,0,356 357
"boolean JavaChineseStringDetector$1.visitVariableReference(VariableReference)","com.example.JavaChineseStringDetector$1.visitVariableReference(lombok.ast.VariableReference):boolean.879c682fcc2ea1caddabb84e27316d9f",1,0,NONE,14,0,mylints/src/main/java/com/example/JavaChineseStringDetector.java,116,862,N,"_Bool boolean JavaChineseStringDetector$1.visitVariableReference(VariableReference)(class com.example.JavaChineseStringDetector$1 *this, class lombok.ast.VariableReference *variableReference)",0,0.00,0.00,0,0,116 117
"boolean JavaChineseStringDetector$1.visitWhile(While)","com.example.JavaChineseStringDetector$1.visitWhile(lombok.ast.While):boolean.6cc3cf8abe2ce50d44ad806bc0cee907",1,0,NONE,14,0,mylints/src/main/java/com/example/JavaChineseStringDetector.java,281,862,N,"_Bool boolean JavaChineseStringDetector$1.visitWhile(While)(class com.example.JavaChineseStringDetector$1 *this, class lombok.ast.While *aWhile)",0,0.00,0.00,0,0,281 282
"void JavaChineseStringDetector.<clinit>()","com.example.JavaChineseStringDetector.<clinit>():void.d978690f39288a1d882b51ef46cfae98",1,0,NONE,66,0,mylints/src/main/java/com/example/JavaChineseStringDetector.java,94,862,N,"class java.lang.Object *void JavaChineseStringDetector.<clinit>()(class java.lang.String *field)",0,0.00,0.00,0,0,94
"JavaChineseStringDetector.<init>()","com.example.JavaChineseStringDetector.<init>().fd95279d4d47f57df405dd85557cbd0e",1,0,NONE,16,0,mylints/src/main/java/com/example/JavaChineseStringDetector.java,92,862,N,"void JavaChineseStringDetector.<init>()(class com.example.JavaChineseStringDetector *this)",0,0.00,0.00,0,0,92
"AstVisitor JavaChineseStringDetector.createJavaVisitor(JavaContext)","com.example.JavaChineseStringDetector.createJavaVisitor(com.android.tools.lint.detector.api.JavaCont.774395c9e080c7433e6d8914d17dc7ea",1,0,NONE,36,0,mylints/src/main/java/com/example/JavaChineseStringDetector.java,103,862,N,"class lombok.ast.AstVisitor *AstVisitor JavaChineseStringDetector.createJavaVisitor(JavaContext)(class com.example.JavaChineseStringDetector *this, class com.android.tools.lint.detector.api.JavaContext *context)",0,0.00,0.00,0,0,103 104
"LogDetector$1.<init>(LogDetector,JavaContext)","com.example.LogDetector$1.<init>(com.example.LogDetector,com.android.tools.lint.detector.api.JavaCon.0074406072a0b99979d9805d94d5c7c7",1,0,NONE,36,0,mylints/src/main/java/com/example/LogDetector.java,28,72,N,"void LogDetector$1.<init>(LogDetector,JavaContext)(class com.example.LogDetector$1 *this, class com.example.LogDetector *this$0, class com.android.tools.lint.detector.api.JavaContext *$bcvar2)",0,0.00,0.00,0,0,28 47
"boolean LogDetector$1.visitMethodInvocation(MethodInvocation)","com.example.LogDetector$1.visitMethodInvocation(lombok.ast.MethodInvocation):boolean.7ab36af872b67d9186ee8148c2b29da1",1,0,SYMOPS TIMEOUT (334),497,0,mylints/src/main/java/com/example/LogDetector.java,49,72,N,"_Bool boolean LogDetector$1.visitMethodInvocation(MethodInvocation)(class com.example.LogDetector$1 *this, class lombok.ast.MethodInvocation *node)",0,0.00,0.00,0,0,49 51 57 58 59 61 62 63 65 68
"void LogDetector.<clinit>()","com.example.LogDetector.<clinit>():void.23c43434b3c8f9cd6bbce26358c765da",1,0,NONE,66,0,mylints/src/main/java/com/example/LogDetector.java,33,72,N,"class java.lang.Object *void LogDetector.<clinit>()(class java.lang.String *field)",0,0.00,0.00,0,0,33
"LogDetector.<init>()","com.example.LogDetector.<init>().4da52e7124e5214dd0eb8b87622b4e47",1,0,NONE,16,0,mylints/src/main/java/com/example/LogDetector.java,21,72,N,"void LogDetector.<init>()(class com.example.LogDetector *this)",0,0.00,0.00,0,0,21
"AstVisitor LogDetector.createJavaVisitor(JavaContext)","com.example.LogDetector.createJavaVisitor(com.android.tools.lint.detector.api.JavaContext):lombok.as.3a73c46ca7f77345b9a0ca952db178bb",1,0,NONE,36,0,mylints/src/main/java/com/example/LogDetector.java,46,72,N,"class lombok.ast.AstVisitor *AstVisitor LogDetector.createJavaVisitor(JavaContext)(class com.example.LogDetector *this, class com.android.tools.lint.detector.api.JavaContext *context)",0,0.00,0.00,0,0,46 47
"List LogDetector.getApplicableNodeTypes()","com.example.LogDetector.getApplicableNodeTypes():java.util.List.75e4e9bcbf42b8887c5b06693f1cf52f",1,0,NONE,26,0,mylints/src/main/java/com/example/LogDetector.java,41,72,N,"class java.util.List *List LogDetector.getApplicableNodeTypes()(class com.example.LogDetector *this)",0,0.00,0.00,0,0,41 42
"MyIssueRegistry.<init>()","com.example.MyIssueRegistry.<init>().09ace6e86da9adca644e9520a30ca104",1,0,NONE,16,0,mylints/src/main/java/com/example/MyIssueRegistry.java,12,17,N,"void MyIssueRegistry.<init>()(class com.example.MyIssueRegistry *this)",0,0.00,0.00,0,0,12
"List MyIssueRegistry.getIssues()","com.example.MyIssueRegistry.getIssues():java.util.List.8f0f4bf886c092ee93ecfb35508b2537",1,0,NONE,54,0,mylints/src/main/java/com/example/MyIssueRegistry.java,14,17,N,"class java.util.List *List MyIssueRegistry.getIssues()(class com.example.MyIssueRegistry *this)",0,0.00,0.00,0,0,14 15
"void BuildConfig.<clinit>()","com.lint.diablo.android_mylints.BuildConfig.<clinit>():void.6f86b6cef4f015622aee1d8056511572",1,0,NONE,26,0,mylints_arr/build/generated/source/buildConfig/debug/com/lint/diablo/android_mylints/BuildConfig.java,7,13,N,"class java.lang.Object *void BuildConfig.<clinit>()(class java.lang.String *field)",0,0.00,0.00,0,0,7
"BuildConfig.<init>()","com.lint.diablo.android_mylints.BuildConfig.<init>().7807faa26b0b8474fd185f2a1a00a729",1,0,NONE,18,0,mylints_arr/build/generated/source/buildConfig/release/com/lint/diablo/android_mylints/BuildConfig.java,6,13,N,"void BuildConfig.<init>()(class com.lint.diablo.android_mylints.BuildConfig *this)",0,0.00,0.00,0,0,6
"void R$anim.<clinit>()","com.lint.diablo.android_mylints.R$anim.<clinit>():void.d0e5cfea194110ce2fbcf741abedc2b8",1,0,NONE,30,0,mylints_arr/build/generated/source/r/debug/com/lint/diablo/android_mylints/R.java,12,6914,N,"class java.lang.Object *void R$anim.<clinit>()(class java.lang.String *field)",0,0.00,0.00,0,0,12 13 14 15 16 17 18 19 20 21
"R$anim.<init>()","com.lint.diablo.android_mylints.R$anim.<init>().31ad1d7b337302e1903a32f00e1640be",1,0,NONE,18,0,mylints_arr/build/generated/source/r/release/com/lint/diablo/android_mylints/R.java,11,6914,N,"void R$anim.<init>()(class com.lint.diablo.android_mylints.R$anim *this)",0,0.00,0.00,0,0,11
"void R$attr.<clinit>()","com.lint.diablo.android_mylints.R$attr.<clinit>():void.bdd2d06fca598bc30f6ca41e5cee57f0",1,0,NONE,460,0,mylints_arr/build/generated/source/r/debug/com/lint/diablo/android_mylints/R.java,27,6914,N,"class java.lang.Object *void R$attr.<clinit>()(class java.lang.String *field)",0,0.00,0.00,0,0,27 31 35 53 57 61 65 69 73 77 81 85 89 93 97 103 107 111 115 119 123 127 131 135 139 143 147 151 155 159 163 171 179 183 187 195 199 203 211 219 229 239 243 247 253 259 268 282 292 296 300 304 308 312 316 327 331 335 339 348 362 366 370 374 378 386 390 399 408 417 426 435 444 453 462 471 480 484 494 504 514 524 534 544 548 552 560 570 574 590 594 598 608 612 622 626 630 640 644 650 654 664 668 678 682 692 700 704 708 712 720 724 728 736 744 754 758 762 766 770 774 778 782 792 802 812 822 832 836 844 854 862 866 874 878 890 898 908 918 922 926 936 940 944 948 956 966 970 974 982 986 990 994 998 1002 1006 1010 1014 1018 1022 1036 1049 1057 1061 1069 1073 1077 1085 1089 1097 1101 1105 1113 1117 1126 1130 1134 1144 1154 1158 1162 1167 1171 1175 1179 1183 1187 1191 1195 1201 1207 1211 1221 1231 1240 1255 1259 1268 1283 1291 1301 1311 1321 1331 1341 1351 1355 1364 1368 1372 1376 1380 1389 1404 1408 1416 1424 1432 1445 1458 1471 1484 1497 1510 1518
"R$attr.<init>()","com.lint.diablo.android_mylints.R$attr.<init>().9e6ec63d54e4345217622c2c1717b98e",1,0,NONE,18,0,mylints_arr/build/generated/source/r/release/com/lint/diablo/android_mylints/R.java,23,6914,N,"void R$attr.<init>()(class com.lint.diablo.android_mylints.R$attr *this)",0,0.00,0.00,0,0,23
"void R$bool.<clinit>()","com.lint.diablo.android_mylints.R$bool.<clinit>():void.b15dc7224e2694bbf196d856ee1edb69",1,0,NONE,20,0,mylints_arr/build/generated/source/r/debug/com/lint/diablo/android_mylints/R.java,1521,6914,N,"class java.lang.Object *void R$bool.<clinit>()(class java.lang.String *field)",0,0.00,0.00,0,0,1521 1522 1523 1524 1525
"R$bool.<init>()","com.lint.diablo.android_mylints.R$bool.<init>().d4c2e4147278e07431f2ee3ed2afe228",1,0,NONE,18,0,mylints_arr/build/generated/source/r/release/com/lint/diablo/android_mylints/R.java,1520,6914,N,"void R$bool.<init>()(class com.lint.diablo.android_mylints.R$bool *this)",0,0.00,0.00,0,0,1520
"void R$color.<clinit>()","com.lint.diablo.android_mylints.R$color.<clinit>():void.b9ea46587cc72575ab0d95e3561769ad",1,0,NONE,166,0,mylints_arr/build/generated/source/r/debug/com/lint/diablo/android_mylints/R.java,1528,6914,N,"class java.lang.Object *void R$color.<clinit>()(class java.lang.String *field)",0,0.00,0.00,0,0,1528 1529 1530 1531 1532 1533 1534 1535 1536 1537 1538 1539 1540 1541 1542 1543 1544 1545 1546 1547 1548 1549 1550 1551 1552 1553 1554 1555 1556 1557 1558 1559 1560 1561 1562 1563 1564 1565 1566 1567 1568 1569 1570 1571 1572 1573 1574 1575 1576 1577 1578 1579 1580 1581 1582 1583 1584 1585 1586 1587 1588 1589 1590 1591 1592 1593 1594 1595 1596 1597 1598 1599 1600 1601 1602 1603 1604 1605
"R$color.<init>()","com.lint.diablo.android_mylints.R$color.<init>().d8304a9b109e5d51378d21d0fe366e7d",1,0,NONE,18,0,mylints_arr/build/generated/source/r/release/com/lint/diablo/android_mylints/R.java,1527,6914,N,"void R$color.<init>()(class com.lint.diablo.android_mylints.R$color *this)",0,0.00,0.00,0,0,1527
"void R$dimen.<clinit>()","com.lint.diablo.android_mylints.R$dimen.<clinit>():void.26c38ce7635bb70bdccc2ceaa4f7ae36",1,0,NONE,168,0,mylints_arr/build/generated/source/r/debug/com/lint/diablo/android_mylints/R.java,1608,6914,N,"class java.lang.Object *void R$dimen.<clinit>()(class java.lang.String *field)",0,0.00,0.00,0,0,1608 1609 1610 1611 1612 1613 1614 1615 1616 1617 1618 1619 1620 1621 1622 1623 1624 1625 1626 1627 1628 1629 1630 1631 1632 1633 1634 1635 1636 1637 1638 1639 1640 1641 1642 1643 1644 1645 1646 1647 1648 1649 1650 1651 1652 1653 1654 1655 1656 1657 1658 1659 1660 1661 1662 1663 1664 1665 1666 1667 1668 1669 1670 1671 1672 1673 1674 1675 1676 1677 1678 1679 1680 1681 1682 1683 1684 1685 1686
"R$dimen.<init>()","com.lint.diablo.android_mylints.R$dimen.<init>().3ec45cc2e9a4ce20fff7fce45600fe74",1,0,NONE,18,0,mylints_arr/build/generated/source/r/release/com/lint/diablo/android_mylints/R.java,1607,6914,N,"void R$dimen.<init>()(class com.lint.diablo.android_mylints.R$dimen *this)",0,0.00,0.00,0,0,1607
"void R$drawable.<clinit>()","com.lint.diablo.android_mylints.R$drawable.<clinit>():void.9255d62fdb26154530d4cfb6d16c4701",1,0,NONE,164,0,mylints_arr/build/generated/source/r/debug/com/lint/diablo/android_mylints/R.java,1689,6914,N,"class java.lang.Object *void R$drawable.<clinit>()(class java.lang.String *field)",0,0.00,0.00,0,0,1689 1690 1691 1692 1693 1694 1695 1696 1697 1698 1699 1700 1701 1702 1703 1704 1705 1706 1707 1708 1709 1710 1711 1712 1713 1714 1715 1716 1717 1718 1719 1720 1721 1722 1723 1724 1725 1726 1727 1728 1729 1730 1731 1732 1733 1734 1735 1736 1737 1738 1739 1740 1741 1742 1743 1744 1745 1746 1747 1748 1749 1750 1751 1752 1753 1754 1755 1756 1757 1758 1759 1760 1761 1762 1763 1764 1765
"R$drawable.<init>()","com.lint.diablo.android_mylints.R$drawable.<init>().5175be6b83e562b7d53767f769375765",1,0,NONE,18,0,mylints_arr/build/generated/source/r/release/com/lint/diablo/android_mylints/R.java,1688,6914,N,"void R$drawable.<init>()(class com.lint.diablo.android_mylints.R$drawable *this)",0,0.00,0.00,0,0,1688
"void R$id.<clinit>()","com.lint.diablo.android_mylints.R$id.<clinit>():void.25f5bdb495a951d14e105c99e55c2204",1,0,NONE,204,0,mylints_arr/build/generated/source/r/debug/com/lint/diablo/android_mylints/R.java,1768,6914,N,"class java.lang.Object *void R$id.<clinit>()(class java.lang.String *field)",0,0.00,0.00,0,0,1768 1769 1770 1771 1772 1773 1774 1775 1776 1777 1778 1779 1780 1781 1782 1783 1784 1785 1786 1787 1788 1789 1790 1791 1792 1793 1794 1795 1796 1797 1798 1799 1800 1801 1802 1803 1804 1805 1806 1807 1808 1809 1810 1811 1812 1813 1814 1815 1816 1817 1818 1819 1820 1821 1822 1823 1824 1825 1826 1827 1828 1829 1830 1831 1832 1833 1834 1835 1836 1837 1838 1839 1840 1841 1842 1843 1844 1845 1846 1847 1848 1849 1850 1851 1852 1853 1854 1855 1856 1857 1858 1859 1860 1861 1862 1863 1864
"R$id.<init>()","com.lint.diablo.android_mylints.R$id.<init>().0e33965ce8fb96e14bad1f3bc9942a1e",1,0,NONE,18,0,mylints_arr/build/generated/source/r/release/com/lint/diablo/android_mylints/R.java,1767,6914,N,"void R$id.<init>()(class com.lint.diablo.android_mylints.R$id *this)",0,0.00,0.00,0,0,1767
"void R$integer.<clinit>()","com.lint.diablo.android_mylints.R$integer.<clinit>():void.cb00c7b1d262ab0906ea900e3ec9b34e",1,0,NONE,18,0,mylints_arr/build/generated/source/r/debug/com/lint/diablo/android_mylints/R.java,1867,6914,N,"class java.lang.Object *void R$integer.<clinit>()(class java.lang.String *field)",0,0.00,0.00,0,0,1867 1868 1869 1870
"R$integer.<init>()","com.lint.diablo.android_mylints.R$integer.<init>().b7321d27a6e327b0fd0a4c20b2489f38",1,0,NONE,18,0,mylints_arr/build/generated/source/r/release/com/lint/diablo/android_mylints/R.java,1866,6914,N,"void R$integer.<init>()(class com.lint.diablo.android_mylints.R$integer *this)",0,0.00,0.00,0,0,1866
"void R$layout.<clinit>()","com.lint.diablo.android_mylints.R$layout.<clinit>():void.c8ceaee0502fc32a0f79c26e262a3fb1",1,0,NONE,86,0,mylints_arr/build/generated/source/r/debug/com/lint/diablo/android_mylints/R.java,1873,6914,N,"class java.lang.Object *void R$layout.<clinit>()(class java.lang.String *field)",0,0.00,0.00,0,0,1873 1874 1875 1876 1877 1878 1879 1880 1881 1882 1883 1884 1885 1886 1887 1888 1889 1890 1891 1892 1893 1894 1895 1896 1897 1898 1899 1900 1901 1902 1903 1904 1905 1906 1907 1908 1909 1910
"R$layout.<init>()","com.lint.diablo.android_mylints.R$layout.<init>().1e8e2092e46a8458c37b169744be5245",1,0,NONE,18,0,mylints_arr/build/generated/source/r/release/com/lint/diablo/android_mylints/R.java,1872,6914,N,"void R$layout.<init>()(class com.lint.diablo.android_mylints.R$layout *this)",0,0.00,0.00,0,0,1872
"void R$string.<clinit>()","com.lint.diablo.android_mylints.R$string.<clinit>():void.e4a26682330a9eb9d5a57a2011e84e66",1,0,NONE,76,0,mylints_arr/build/generated/source/r/debug/com/lint/diablo/android_mylints/R.java,1913,6914,N,"class java.lang.Object *void R$string.<clinit>()(class java.lang.String *field)",0,0.00,0.00,0,0,1913 1914 1915 1916 1917 1918 1919 1920 1921 1922 1923 1924 1925 1926 1927 1928 1929 1930 1931 1932 1933 1934 1935 1936 1937 1938 1939 1940 1941 1942 1943 1944 1945
"R$string.<init>()","com.lint.diablo.android_mylints.R$string.<init>().57a2c5541640b514b2fa3bf5b962debd",1,0,NONE,18,0,mylints_arr/build/generated/source/r/release/com/lint/diablo/android_mylints/R.java,1912,6914,N,"void R$string.<init>()(class com.lint.diablo.android_mylints.R$string *this)",0,0.00,0.00,0,0,1912
"void R$style.<clinit>()","com.lint.diablo.android_mylints.R$style.<clinit>():void.373bb54e82e0a486188f179584b3edea",0,0,SYMOPS TIMEOUT (334),334,0,mylints_arr/build/generated/source/r/debug/com/lint/diablo/android_mylints/R.java,1948,6914,N,"class java.lang.Object *void R$style.<clinit>()(class java.lang.String *field)",0,0.00,0.00,0,0,
"R$style.<init>()","com.lint.diablo.android_mylints.R$style.<init>().9b1484b8f47e1397d228a5a6c974b7b7",1,0,NONE,18,0,mylints_arr/build/generated/source/r/release/com/lint/diablo/android_mylints/R.java,1947,6914,N,"void R$style.<init>()(class com.lint.diablo.android_mylints.R$style *this)",0,0.00,0.00,0,0,1947
"void R$styleable.<clinit>()","com.lint.diablo.android_mylints.R$styleable.<clinit>():void.c30c9367c97e8a82e031f588ae603111",0,0,SYMOPS TIMEOUT (334),334,0,mylints_arr/build/generated/source/r/debug/com/lint/diablo/android_mylints/R.java,2347,6914,N,"class java.lang.Object *void R$styleable.<clinit>()(class java.lang.String *field)",0,0.00,0.00,0,0,
"R$styleable.<init>()","com.lint.diablo.android_mylints.R$styleable.<init>().ee81de3b018e939c327922481c8bc432",1,0,NONE,18,0,mylints_arr/build/generated/source/r/release/com/lint/diablo/android_mylints/R.java,2280,6914,N,"void R$styleable.<init>()(class com.lint.diablo.android_mylints.R$styleable *this)",0,0.00,0.00,0,0,2280
"R.<init>()","com.lint.diablo.android_mylints.R.<init>().2a1a6f3fab490594657e250c182cc009",1,0,NONE,18,0,mylints_arr/build/generated/source/r/release/com/lint/diablo/android_mylints/R.java,10,6914,N,"void R.<init>()(class com.lint.diablo.android_mylints.R *this)",0,0.00,0.00,0,0,10
"void BuildConfig.<clinit>()","com.lint.diablo.mylint.BuildConfig.<clinit>():void.9a2edbf0c8a121534fd0e17b317c62e9",1,0,NONE,26,0,app/build/generated/source/buildConfig/debug/com/lint/diablo/mylint/BuildConfig.java,7,13,N,"class java.lang.Object *void BuildConfig.<clinit>()(class java.lang.String *field)",0,0.00,0.00,0,0,7
"BuildConfig.<init>()","com.lint.diablo.mylint.BuildConfig.<init>().ed1996329b8dfa54a0fe11aafd3183da",1,0,NONE,18,0,app/build/generated/source/buildConfig/debug/com/lint/diablo/mylint/BuildConfig.java,6,13,N,"void BuildConfig.<init>()(class com.lint.diablo.mylint.BuildConfig *this)",0,0.00,0.00,0,0,6
"MainActivity.<init>()","com.lint.diablo.mylint.MainActivity.<init>().0b2a6404658635be040906c639be3be3",1,0,NONE,18,0,app/src/main/java/com/lint/diablo/mylint/MainActivity.java,7,17,N,"void MainActivity.<init>()(class com.lint.diablo.mylint.MainActivity *this)",0,0.00,0.00,0,0,7
"void MainActivity.onCreate(Bundle)","com.lint.diablo.mylint.MainActivity.onCreate(android.os.Bundle):void.2ce909e707e04cbb73ff4b409e225ffb",1,0,NONE,70,0,app/src/main/java/com/lint/diablo/mylint/MainActivity.java,11,17,N,"void void MainActivity.onCreate(Bundle)(class com.lint.diablo.mylint.MainActivity *this, class android.os.Bundle *savedInstanceState)",0,0.00,0.00,0,0,11 12 13 14 15 16
"R$anim.<init>()","com.lint.diablo.mylint.R$anim.<init>().61466882e81ed4528349f67e7d3c48ae",1,0,NONE,18,0,app/build/generated/source/r/debug/com/lint/diablo/mylint/R.java,11,6924,N,"void R$anim.<init>()(class com.lint.diablo.mylint.R$anim *this)",0,0.00,0.00,0,0,11
"R$attr.<init>()","com.lint.diablo.mylint.R$attr.<init>().80519a8687c8905a63022bbbbf75fb90",1,0,NONE,18,0,app/build/generated/source/r/debug/com/lint/diablo/mylint/R.java,23,6924,N,"void R$attr.<init>()(class com.lint.diablo.mylint.R$attr *this)",0,0.00,0.00,0,0,23
"R$bool.<init>()","com.lint.diablo.mylint.R$bool.<init>().6413c2eb58cdf9f14ef5cad5897e9148",1,0,NONE,18,0,app/build/generated/source/r/debug/com/lint/diablo/mylint/R.java,1520,6924,N,"void R$bool.<init>()(class com.lint.diablo.mylint.R$bool *this)",0,0.00,0.00,0,0,1520
"R$color.<init>()","com.lint.diablo.mylint.R$color.<init>().e27242ec30f26d5dbb0c56e5fc6bd81b",1,0,NONE,18,0,app/build/generated/source/r/debug/com/lint/diablo/mylint/R.java,1527,6924,N,"void R$color.<init>()(class com.lint.diablo.mylint.R$color *this)",0,0.00,0.00,0,0,1527
"R$dimen.<init>()","com.lint.diablo.mylint.R$dimen.<init>().93c033288a536338b7c41ff18ea6298d",1,0,NONE,18,0,app/build/generated/source/r/debug/com/lint/diablo/mylint/R.java,1610,6924,N,"void R$dimen.<init>()(class com.lint.diablo.mylint.R$dimen *this)",0,0.00,0.00,0,0,1610
"R$drawable.<init>()","com.lint.diablo.mylint.R$drawable.<init>().d623204aefe4a47caaa937ca8dce0219",1,0,NONE,18,0,app/build/generated/source/r/debug/com/lint/diablo/mylint/R.java,1693,6924,N,"void R$drawable.<init>()(class com.lint.diablo.mylint.R$drawable *this)",0,0.00,0.00,0,0,1693
"R$id.<init>()","com.lint.diablo.mylint.R$id.<init>().57b875a6464e52b1e965425e2c99ff2b",1,0,NONE,18,0,app/build/generated/source/r/debug/com/lint/diablo/mylint/R.java,1772,6924,N,"void R$id.<init>()(class com.lint.diablo.mylint.R$id *this)",0,0.00,0.00,0,0,1772
"R$integer.<init>()","com.lint.diablo.mylint.R$integer.<init>().b4882f1ea41e31b26f6b83cd96c7f063",1,0,NONE,18,0,app/build/generated/source/r/debug/com/lint/diablo/mylint/R.java,1871,6924,N,"void R$integer.<init>()(class com.lint.diablo.mylint.R$integer *this)",0,0.00,0.00,0,0,1871
"R$layout.<init>()","com.lint.diablo.mylint.R$layout.<init>().400cc485d0697f763568b1e47e7bf6c3",1,0,NONE,18,0,app/build/generated/source/r/debug/com/lint/diablo/mylint/R.java,1877,6924,N,"void R$layout.<init>()(class com.lint.diablo.mylint.R$layout *this)",0,0.00,0.00,0,0,1877
"R$mipmap.<init>()","com.lint.diablo.mylint.R$mipmap.<init>().dea9e35e560be256b4e91ffbcc98c709",1,0,NONE,18,0,app/build/generated/source/r/debug/com/lint/diablo/mylint/R.java,1918,6924,N,"void R$mipmap.<init>()(class com.lint.diablo.mylint.R$mipmap *this)",0,0.00,0.00,0,0,1918
"R$string.<init>()","com.lint.diablo.mylint.R$string.<init>().9618eeaeecf035bb31689b9625f12c2d",1,0,NONE,18,0,app/build/generated/source/r/debug/com/lint/diablo/mylint/R.java,1921,6924,N,"void R$string.<init>()(class com.lint.diablo.mylint.R$string *this)",0,0.00,0.00,0,0,1921
"R$style.<init>()","com.lint.diablo.mylint.R$style.<init>().ffaa586c4752537b75c702b1a5aa498a",1,0,NONE,18,0,app/build/generated/source/r/debug/com/lint/diablo/mylint/R.java,1956,6924,N,"void R$style.<init>()(class com.lint.diablo.mylint.R$style *this)",0,0.00,0.00,0,0,1956
"void R$styleable.<clinit>()","com.lint.diablo.mylint.R$styleable.<clinit>():void.e51db21c2c46c5c14d98b9969e638fa8",0,0,SYMOPS TIMEOUT (334),334,0,app/build/generated/source/r/debug/com/lint/diablo/mylint/R.java,2357,6924,N,"class java.lang.Object *void R$styleable.<clinit>()(class java.lang.String *field)",0,0.00,0.00,0,0,
"R$styleable.<init>()","com.lint.diablo.mylint.R$styleable.<init>().27a5191d02f0942b056d5806a34d4200",1,0,NONE,18,0,app/build/generated/source/r/debug/com/lint/diablo/mylint/R.java,2290,6924,N,"void R$styleable.<init>()(class com.lint.diablo.mylint.R$styleable *this)",0,0.00,0.00,0,0,2290
"R.<init>()","com.lint.diablo.mylint.R.<init>().6b7bc31678a19d929cd9526a997908a7",1,0,NONE,18,0,app/build/generated/source/r/debug/com/lint/diablo/mylint/R.java,10,6924,N,"void R.<init>()(class com.lint.diablo.mylint.R *this)",0,0.00,0.00,0,0,10
